Id;VehicleId;StartTime;EndTime;DistanceKm;AverageSpeed;FuelConsumed;EnergyConsumed;StartLocationId;EndLocationId
f7f10e44-868f-493b-813e-3471598a0b74;2c33e6b8-f7cc-478d-b5be-f14ee7a768da;2026-03-16T17:01:00;2026-03-16T19:01:00;188.8;94.4;;10.8;;
e76b9b54-9cbb-471e-a677-e15e64504bc1;87e28869-d0d2-4ccb-bbeb-bde601a5aa97;2026-03-14T08:03:00;2026-03-14T08:38:00;69.6;119.3;;48.8;;
eb69b3a4-e9db-4440-af5e-0b2b2f5d53ac;e1c236bc-e439-448d-8cf2-8bbdd096b613;2026-03-14T17:35:00;2026-03-14T20:03:00;56.7;23.0;;16.2;;
d05114ef-2d26-46b5-a06e-8c509aaea92b;1e63a322-23e4-48a4-80f0-68aa985ee198;2026-03-08T07:03:00;2026-03-08T08:53:00;116.5;63.5;;42.5;;
15fb9ffe-dc09-4c44-b3bb-cfcc78ae82f4;3ffa6a23-7da7-4c8e-9dbc-3200639a6180;2026-03-05T06:23:00;2026-03-05T06:33:00;88.4;530.4;;16.8;;
22122adf-3350-4646-aa34-2e79d6519ddc;dc51f75c-579d-4b7c-b18a-e9c20b5b3325;2026-03-22T16:38:00;2026-03-22T18:50:00;43.9;20.0;;4.2;;
1fe399ef-4087-4f69-9e25-701243d91462;50657dfa-dcbe-417b-ae82-3534b4e637ea;2026-03-06T16:18:00;2026-03-06T16:48:00;97.3;194.6;;8.4;;
d770bfe7-79a3-4f3b-ae70-a2f2b303fa39;fcebbb0d-366c-408f-9280-59b8e1110367;2026-03-26T12:30:00;2026-03-26T14:45:00;179.5;79.8;;15.5;;
32048826-4be5-419c-b786-88f3c5c4a125;a94c0069-ad49-442f-8e64-622a6b36a6b5;2026-03-21T14:24:00;2026-03-21T15:21:00;77.3;81.4;;20.9;;
bb71eb0c-405b-4525-8a95-8e6ad9e49bbc;45f3802b-0745-415d-acec-ec227a7cd643;2026-03-06T13:02:00;2026-03-06T14:19:00;90.7;70.7;;15.4;;
f448c7ca-9494-44c7-96bf-84cc9f019b6b;1700edcb-04be-4cbf-82a0-36c8855b806b;2026-03-27T10:36:00;2026-03-27T11:01:00;34.5;82.8;;35.7;;
a01dd0e1-483c-4fa0-8282-1096699f8057;37f56eef-ad8e-4867-8a79-e341c1a53ff5;2026-03-04T07:42:00;2026-03-04T09:20:00;162.6;99.6;;22.5;;
b4231851-5dca-4fe2-9ef4-c567a5736257;394ceb56-40fd-412f-9e94-def1de8864e1;2026-03-25T15:14:00;2026-03-25T17:45:00;16.9;6.7;;21.2;;
2427625c-4521-41ec-a3dd-57172fca57fb;665a8753-a7a9-4d45-a335-1aafd27ab811;2026-03-17T12:34:00;2026-03-17T14:45:00;116.7;53.5;;14.1;;
25d4f2c9-c8e8-4ddb-8e41-b77a1889c7cf;16ac4481-3ffe-45a8-a61e-aa0eb49315d8;2026-03-10T07:25:00;2026-03-10T07:43:00;102.9;343.0;;45.3;;
2a2c1648-4764-4cd5-ac6d-7950cc5f7147;b32099c6-ccf9-44a9-b088-d84e982d4e25;2026-03-26T15:43:00;2026-03-26T18:31:00;33.8;12.1;;47.6;;
2c8a957a-3226-4538-8dc3-f8b45d6299b0;0f296116-ec48-4b34-b5ab-a233c1319f89;2026-03-15T08:10:00;2026-03-15T09:14:00;162.6;152.4;;8.9;;
e0409e0e-c8ee-4378-9568-1317b2575f0d;16206af6-6c0b-47ac-8b3e-ad9c4c07e03c;2026-03-14T07:43:00;2026-03-14T09:44:00;44.4;22.0;;41.7;;
cdfda8cf-ef7b-456d-832b-9d7973041ee0;eb468294-c779-4f0c-99e6-ccea149b45e9;2026-03-05T19:38:00;2026-03-05T20:54:00;67.4;53.2;;37.2;;
bad62e73-7568-4672-a0ab-20241bfad259;6520a990-afd1-406a-bf90-ed20065e5b2c;2026-03-26T07:05:00;2026-03-26T08:54:00;113.5;62.5;;28.9;;
d991b234-e7af-449d-9e89-df1c7f22b52e;83c8d8e8-b225-4d19-b97f-3a2c559dd738;2026-03-28T10:33:00;2026-03-28T12:40:00;183.8;86.8;;3.6;;
f6ee2412-59dd-4754-8a3d-0f11b23b0868;97855851-d0d2-4b47-ab8d-9c536dfea058;2026-03-23T15:37:00;2026-03-23T18:00:00;157.4;66.0;;8.3;;
efa96110-9ed8-4bec-91f6-ab452ec82e4c;2922e8c2-741d-4ac6-b1c7-374e59d86846;2026-03-05T08:36:00;2026-03-05T11:16:00;118.6;44.5;;48.3;;
c308cf92-9e58-437b-b99a-3f4e797d05b9;4f2621c6-a06e-4757-954a-e271abb9a6fa;2026-03-04T20:06:00;2026-03-04T22:40:00;157.0;61.2;;39.9;;
f9333305-202e-4e51-95a9-ca60b1bf073f;0757a7b4-278c-4eb8-af4a-ecabfc82df6a;2026-03-28T14:56:00;2026-03-28T16:34:00;176.2;107.9;;15.4;;
aabf4a78-c745-4299-a4f5-15c9b69676a2;b545964f-559c-4f1b-b301-fada6e954141;2026-03-21T13:36:00;2026-03-21T16:21:00;97.2;35.3;;11.1;;
cc389d36-55c1-4b28-88d7-433ae80a5c66;88bd04ef-00d9-41b0-9fe4-206efbd7b095;2026-03-13T08:39:00;2026-03-13T11:24:00;137.8;50.1;;21.9;;
247afd26-e22a-4800-86ba-c46e232e9f28;9d544e9c-c3a1-432a-a2a7-bdfa16143b89;2026-03-13T20:56:00;2026-03-13T22:30:00;139.7;89.2;;5.3;;
deb15db7-d99e-434b-91f1-0e1927461583;4a689ee2-fa42-47fe-a72f-02213a4def17;2026-03-16T20:17:00;2026-03-16T22:02:00;8.9;5.1;;41.4;;
334972b3-952e-4a16-9e35-8aaedb33cc60;7867a0a5-eaff-4c6f-bffb-84033db4d0b0;2026-03-10T10:17:00;2026-03-10T12:32:00;172.4;76.6;;35.2;;
a6ff9f4b-d64d-482a-9ef1-d17abd3efa38;fc57724f-2281-4676-857e-df8e1da36a0b;2026-03-28T09:08:00;2026-03-28T10:34:00;195.0;136.0;;23.8;;
d99da8ff-ea4d-4c41-b84b-a139e5ba5bc6;e7a84663-2ebd-4c44-8447-e0c8a6c0895a;2026-03-27T11:17:00;2026-03-27T13:13:00;123.0;63.6;;7.2;;
c13fa308-4366-4945-b61f-0bc2dd27b8f1;b534fa3c-6998-4b12-b181-6cc13a82c0e5;2026-03-15T09:58:00;2026-03-15T11:52:00;149.5;78.7;;38.7;;
b413a257-76f6-4faa-b226-bb08861b585a;969e3244-7613-4abc-952b-dbd622481bb0;2026-03-28T11:52:00;2026-03-28T12:16:00;105.5;263.8;;10.5;;
30579f77-2023-4d9d-bce2-c6d483e4c8df;c30a8d73-9cf6-472e-a9ea-bf1c21262bbf;2026-03-10T17:32:00;2026-03-10T19:25:00;31.5;16.7;;43.0;;
d00a0cb4-8d03-4626-9f08-ba9353fc6f01;85e5ec3f-34ff-40bc-ba3e-fd13ae5d3a03;2026-03-19T06:11:00;2026-03-19T07:10:00;175.7;178.7;;12.4;;
9494580c-e19a-476d-b3ec-450153d6b325;bd1adbda-2a64-4699-bab0-1d2f3f4fa11e;2026-03-02T09:02:00;2026-03-02T11:08:00;14.9;7.1;;19.9;;
c7918ea2-05db-4c79-85c8-242da80757ca;f6aea8a3-b401-403e-a2e9-f296587757b3;2026-03-07T10:23:00;2026-03-07T12:31:00;103.5;48.5;;32.9;;
57f6e767-6b22-4afd-8933-b2043cf3c813;4e8d37cf-a6f3-47df-8d7c-429a7d0d2438;2026-03-04T16:01:00;2026-03-04T17:12:00;77.6;65.6;;30.9;;
07aba0d6-8876-42e9-bbb9-7133a10ecd0e;23386d5d-976a-4e60-a361-9c9d299d3b7b;2026-03-06T19:30:00;2026-03-06T22:10:00;112.5;42.2;;19.2;;
16bb0fe5-c28d-4af0-bd8a-033c589948cf;c48ae881-2050-49e1-ac0e-a5b46ddf259d;2026-03-27T20:16:00;2026-03-27T20:49:00;60.6;110.2;;21.2;;
b8241e06-7c14-4c65-a3af-7edfb3962430;c2cf4fa0-34d4-4021-9664-3c3dab837ebc;2026-03-06T19:36:00;2026-03-06T20:40:00;172.1;161.3;;33.4;;
2e07eea0-42b9-45fc-84cb-2787e230c587;3bf788da-c49e-434e-b198-824a0a4e28c1;2026-03-22T09:17:00;2026-03-22T12:13:00;84.9;28.9;;3.9;;
d5e310a4-dafb-46b8-b3c3-83829f82a5a9;c098bd7b-e408-4a94-9d0a-b37cad08943b;2026-03-25T18:43:00;2026-03-25T18:55:00;97.4;487.0;;9.2;;
413e7b1b-4734-442c-a44d-98c97f3f7759;c219b5d3-e40c-42b4-94ab-3090fce222ab;2026-03-06T15:51:00;2026-03-06T16:03:00;48.6;243.0;;31.6;;
89c91513-97e7-46be-b3d2-18a9dcd4dd08;cae0379f-439f-429f-881b-b01672f935eb;2026-03-10T17:45:00;2026-03-10T20:39:00;58.7;20.2;;45.1;;
2ce4c43c-5df9-48a7-b238-0ccd5d3e692b;29c02f7b-2cc1-424d-b36c-60f11d7c06e5;2026-03-28T11:29:00;2026-03-28T12:43:00;47.6;38.6;;17.2;;
f046e87d-d049-429c-bb65-8ad6f34e9d16;7b4fbf0d-9acd-472a-9fb4-393af948b53e;2026-03-17T19:39:00;2026-03-17T21:30:00;119.0;64.3;;3.3;;
9e670f46-801a-409c-8f14-e068171f6f25;8d074ade-e9c6-4464-b9f6-ade06e756c07;2026-03-22T19:53:00;2026-03-22T21:38:00;114.5;65.4;;30.9;;
6350292c-099b-48ff-ad7d-3326557663c8;18da1695-2141-45b4-8f40-0a55846f105e;2026-03-10T10:43:00;2026-03-10T11:20:00;98.9;160.4;;18.8;;
c72a2aa0-d133-45fa-ac9e-d6ec9f7ff768;4c295f1e-1c8d-41c5-a228-fabc09c92b3a;2026-03-09T16:20:00;2026-03-09T17:40:00;55.9;41.9;;36.4;;
382d0fe6-1521-45c3-a016-72e89c39efed;19e5dedd-45ab-4554-9530-20b773d673e3;2026-03-21T10:12:00;2026-03-21T11:00:00;105.9;132.4;;14.3;;
db89a0d8-1473-40c5-bf83-87731c6b7c1b;d68aaf17-f4a7-4eab-85a3-6ccb61390bea;2026-03-02T18:54:00;2026-03-02T21:37:00;83.8;30.8;;18.0;;
b885a3ce-bda2-4e91-99a9-5cc26003dbe6;35f8a7b0-07f9-4650-ad36-53c84dbde1d9;2026-03-05T17:01:00;2026-03-05T19:58:00;102.0;34.6;;16.9;;
db1fb8b6-8c10-4d09-a7e3-46d8bea60836;38920785-d86b-48f2-93d0-59ffd157c792;2026-03-14T12:24:00;2026-03-14T12:43:00;118.7;374.8;;49.8;;
2b25a8e0-f41a-4217-986f-c6e78368415f;3116313e-89f5-4e65-bb7b-fbb061278eaa;2026-03-27T09:21:00;2026-03-27T10:27:00;138.8;126.2;;33.0;;
57d58252-310d-4e03-a71d-79e5767e97b8;0903c9ba-ecd6-40a6-b684-35c43005e595;2026-03-16T20:42:00;2026-03-16T22:23:00;103.9;61.7;;42.7;;
c7090a42-a454-4841-90a6-48e4852408be;241c0066-b3e7-45f3-9adb-e4521d332998;2026-03-27T16:56:00;2026-03-27T19:28:00;40.3;15.9;;7.6;;
ecceee63-e38b-4422-ae28-9be992778fbb;78585d76-ad7a-493e-96c1-dff48682384a;2026-03-05T17:16:00;2026-03-05T19:49:00;153.8;60.3;;11.6;;
d78ef77f-3fc4-49a7-9aa6-51f4933ae542;afe51456-d279-4d45-9de0-03f87f1e5351;2026-03-22T20:21:00;2026-03-22T23:18:00;22.4;7.6;;19.7;;
0ca5bb15-278d-44d9-8244-a5131b1cd0c5;0a44e656-e43f-4121-8e9a-3ddcf0bf4c1b;2026-03-24T19:19:00;2026-03-24T21:16:00;158.7;81.4;;18.6;;
e6cd3494-c5a1-4db5-a5a6-64df381e6d3e;5a978572-6d2b-44df-a5c0-9727c646a690;2026-03-09T15:18:00;2026-03-09T17:26:00;171.0;80.2;;25.1;;
9215d273-e736-40f8-b3b6-cbc19d3a6902;f6d7f8a9-c856-4b3a-9af3-8f6706b71bc7;2026-03-28T16:37:00;2026-03-28T19:15:00;189.1;71.8;;6.3;;
6c963b33-8e4a-480d-923f-1b222a39973c;cdb3830b-8ee8-4c53-a649-9e995b1e5468;2026-03-07T14:07:00;2026-03-07T15:54:00;108.3;60.7;;22.4;;
5ac0a57d-937b-4fd2-93db-8165cbcc1606;7a9be30d-ea42-451e-802f-29f2fc2ddd4f;2026-03-28T19:09:00;2026-03-28T19:54:00;198.5;264.7;;19.1;;
2a5f3a4b-ed3a-4526-92dd-872b3fa08323;d0b949d5-16fa-40f5-934d-b1522c98fe82;2026-03-19T20:58:00;2026-03-19T23:05:00;32.9;15.5;;43.5;;
3186c7c3-93ac-4f73-a419-c6263825290a;6a586db2-7574-4402-9032-c6f91897a5bd;2026-03-06T18:05:00;2026-03-06T20:19:00;69.9;31.3;;49.4;;
b7770a4f-f31d-472f-96c5-fb061a2b164c;75618605-70a3-46aa-9ca7-8b02e126eaf3;2026-03-11T16:03:00;2026-03-11T16:14:00;93.2;508.4;;12.8;;
ac7ac7da-926d-40a3-b5e6-a2ff4f0913a0;7f532bbb-dc91-4950-b73f-258a9cd7b8f4;2026-03-25T08:36:00;2026-03-25T09:26:00;100.5;120.6;;38.9;;
5eb8d072-52a8-4595-a86a-2bdcab100b69;43bd4a85-3c62-4fcc-98ff-20384706804a;2026-03-03T08:39:00;2026-03-03T10:40:00;128.5;63.7;;22.0;;
18af3cb4-915d-4eaf-bd88-c0e6ac5374d1;63de1197-180d-4726-a141-caef55069e8f;2026-03-16T12:00:00;2026-03-16T12:19:00;109.1;344.5;;37.3;;
939d5bb2-2b4f-4a49-9d67-d2a0a3c817dc;c5b3ebd2-8a64-4683-b59d-44d75a9d92aa;2026-03-01T20:20:00;2026-03-01T22:45:00;42.2;17.5;;34.8;;
6278ec62-9d05-4cd8-a616-c623e8d3574e;362a38be-cf1e-449f-a712-c2f34c742b5a;2026-03-21T17:15:00;2026-03-21T18:22:00;140.2;125.6;;19.2;;
88d57243-490e-4ec6-9edc-d580475a7c90;b499b33c-4994-403f-b4fc-616182abef3f;2026-03-05T07:24:00;2026-03-05T09:42:00;119.8;52.1;;10.8;;
03103baa-c46a-459a-a950-ac38b9b6b5b2;f5afef53-a139-4dfc-94cf-23a44ba1c7e6;2026-03-27T06:19:00;2026-03-27T07:43:00;93.9;67.1;;27.5;;
cb8a30e1-ab0e-4082-a78a-abcdef988047;2e476e21-ab2c-4f9a-ad5b-887b12e8d29a;2026-03-17T11:27:00;2026-03-17T12:11:00;71.8;97.9;;45.4;;
35db52e5-2b14-4692-8136-8c0d3a6a2f41;32b3b0f0-6ccb-4f1a-a621-e07c0740d80d;2026-03-12T18:12:00;2026-03-12T19:04:00;189.9;219.1;;46.2;;
79aa4b02-1769-42f5-b5e0-1731088aeaf6;2876ce14-8c22-43b1-aa97-8c4f8b630b34;2026-03-13T06:14:00;2026-03-13T07:21:00;146.8;131.5;;9.2;;
19c360ee-2f71-4d19-9694-c182f7e142e6;87dcec99-7c38-496d-a2e8-1e367a8d0b1b;2026-03-24T06:37:00;2026-03-24T08:56:00;38.0;16.4;;20.2;;
30e7097a-f226-43cb-a686-3bb5eb6585a9;9c6432ec-e7e7-43b0-a8e1-1e62f47d48ba;2026-03-21T18:02:00;2026-03-21T19:48:00;175.9;99.6;;15.0;;
f750d9ad-a951-4b3a-839f-7b5d7649025a;69e86881-8766-451c-98b5-fc6cc95068bd;2026-03-18T15:03:00;2026-03-18T17:45:00;199.0;73.7;;34.1;;
b6a6ab61-70ba-4605-a997-1a8a18896bf9;8b45865d-39cb-4e2d-8a1b-710326ed6c4b;2026-03-21T19:01:00;2026-03-21T19:23:00;139.5;380.5;;22.6;;
aa539eae-be6b-4991-b1d6-8a68d1849ebc;1ae4f7a3-f015-42e9-8c50-92d559cf28ff;2026-03-13T07:35:00;2026-03-13T08:49:00;97.5;79.1;;10.2;;
5ab56d1f-f540-4ec7-ad1b-ca88a82d5548;cd361d30-c969-4f47-9d0f-df2942f764dd;2026-03-23T16:40:00;2026-03-23T16:52:00;63.7;318.5;;34.1;;
872529d7-bec3-4f43-a596-cf123f2a1671;2b3fc5a7-bf29-48c8-b0ab-8e7930c5ee3c;2026-03-22T14:17:00;2026-03-22T17:06:00;123.1;43.7;;9.4;;
ce215c21-9897-4afc-bea1-72d2337c0a13;a9d79655-8d3a-43bc-b99d-f420599d9703;2026-03-27T20:06:00;2026-03-27T22:26:00;145.2;62.2;;8.5;;
42d713d8-30a3-4682-b8e4-4123e093b791;dc937436-bbc7-4a7b-8972-caa4abd6a6ff;2026-03-04T18:06:00;2026-03-04T20:23:00;43.7;19.1;;12.4;;
d148fc9b-d842-449d-a4ad-cf8be99b70ba;cb339d69-691b-45a6-a433-fa1bf7d5ce36;2026-03-09T19:33:00;2026-03-09T20:34:00;74.8;73.6;;22.3;;
7015aca9-8d04-4a02-9a7d-b5df88b4b539;10f80f64-15b8-4071-96e5-1d3e11e8af26;2026-03-06T06:35:00;2026-03-06T08:52:00;182.5;79.9;;35.3;;
104e21f3-9bfe-4ff9-b78d-b787815d7977;fe241c63-a6e2-47c0-b6ec-a1cf0ebcf53e;2026-03-16T11:15:00;2026-03-16T11:25:00;7.5;45.0;;7.2;;
ae560dff-5a54-4284-9795-1b81c5903846;658236de-587d-4c64-9e68-7d5bcbc47db0;2026-03-04T19:36:00;2026-03-04T21:52:00;34.1;15.0;;7.2;;
e3050aea-a96d-4491-9b3e-f083663a7ad5;422e0163-8af0-4cfd-9881-594cb83affce;2026-03-17T07:46:00;2026-03-17T08:21:00;181.4;311.0;;33.3;;
4b7e0d79-1a27-4c40-bc74-f6440d3cb231;eedef206-7177-4a1d-ba7b-8c2ee70994dd;2026-03-15T10:16:00;2026-03-15T12:24:00;14.8;6.9;;41.2;;
da11fc93-e6c2-4433-968d-2ad137bcd99d;354bc7c0-d359-4f66-984d-a3aa71283621;2026-03-28T06:54:00;2026-03-28T08:18:00;75.2;53.7;;34.8;;
f876e223-454e-4b7e-9fb5-b6d66549db90;b8826d28-1112-4545-990d-a9983218a02e;2026-03-14T17:07:00;2026-03-14T17:41:00;171.0;301.8;;44.8;;
cd52b187-e207-4748-bfc1-1313fca5e3e1;4f10ef32-e5e9-44e6-bf84-abc5890d686d;2026-03-01T19:08:00;2026-03-01T22:07:00;131.2;44.0;;18.4;;
790c2f7a-7823-428f-a62b-7da7be79ed47;af2d13d0-724c-452c-9ce0-68bb4434aed5;2026-03-15T15:17:00;2026-03-15T15:50:00;77.7;141.3;;19.1;;
338723f8-d7d2-48f0-bc61-802de21ff816;1076ec28-d872-426b-a2f2-10a25fb5ccf5;2026-03-04T12:25:00;2026-03-04T14:31:00;58.0;27.6;;21.1;;
8a1d8b99-6468-4f1e-b9a7-f09bbb399f0f;8cde2d8f-83ff-4b74-95f7-112bc3cbe7c1;2026-03-28T13:51:00;2026-03-28T15:48:00;131.5;67.4;;40.5;;
8a2aae2b-3c08-43f0-9023-8698ac18d7fb;8c000b30-3a73-4ba0-b726-58b152799a32;2026-03-04T08:44:00;2026-03-04T09:09:00;196.4;471.4;;42.7;;