Id;VehicleId;Latitude;Longitude;Speed;Timestamp
dc1b25bb-1ede-4252-976a-567a8c44f376;2c33e6b8-f7cc-478d-b5be-f14ee7a768da;48.003462;20.71062;120.0;2026-03-23T09:44:07
c41130ad-6e7d-43a6-afc3-ddcce8ba0893;87e28869-d0d2-4ccb-bbeb-bde601a5aa97;48.913552;22.161623;47.8;2026-03-08T07:08:30
f572a216-79fe-4493-af00-05804e4c4647;e1c236bc-e439-448d-8cf2-8bbdd096b613;47.991053;21.062089;78.7;2026-03-14T22:35:58
53604eba-8af0-4688-a30c-ce9014e2e050;1e63a322-23e4-48a4-80f0-68aa985ee198;48.594573;19.863851;86.3;2026-03-07T07:43:48
7d40ff77-8fb1-4824-b00d-b90e67c92cc1;3ffa6a23-7da7-4c8e-9dbc-3200639a6180;48.832047;21.288013;68.3;2026-03-17T22:23:04
7a4ce339-13f9-4285-a325-2755490f5bb3;dc51f75c-579d-4b7c-b18a-e9c20b5b3325;49.442765;17.43959;107.7;2026-03-17T06:36:34
8369dbae-5f7f-43f5-9185-e34dd52f5c78;50657dfa-dcbe-417b-ae82-3534b4e637ea;47.98472;18.670271;67.6;2026-03-04T21:13:45
a68b4e5b-d6f0-48df-a812-14d499378e1e;fcebbb0d-366c-408f-9280-59b8e1110367;48.807981;17.318367;66.3;2026-03-26T01:29:08
e844d5b1-3d02-4a24-a6e9-352c61aef79d;a94c0069-ad49-442f-8e64-622a6b36a6b5;48.675171;19.403751;7.5;2026-03-15T21:51:19
3a0462c3-7b46-4a2f-ac53-61b7e0fb7417;45f3802b-0745-415d-acec-ec227a7cd643;49.074232;19.056908;106.1;2026-03-24T06:37:04
caa8ec7d-6f5c-4e2e-a2c2-09b6c6503817;1700edcb-04be-4cbf-82a0-36c8855b806b;47.786051;18.763815;8.3;2026-03-02T02:59:30
514de8df-8d34-4121-b9d6-bba288dfa3aa;37f56eef-ad8e-4867-8a79-e341c1a53ff5;47.760296;19.130542;100.0;2026-03-25T20:46:41
f97e27bb-23bb-4424-856b-aa100772e8dc;394ceb56-40fd-412f-9e94-def1de8864e1;49.531187;18.934427;115.9;2026-03-15T12:24:05
16f14f56-d5a4-494c-9ae7-c8e8ff13e995;665a8753-a7a9-4d45-a335-1aafd27ab811;48.997188;20.572217;70.1;2026-03-21T11:07:11
879eda40-ad25-4a74-a13f-a6e6cd28f62f;16ac4481-3ffe-45a8-a61e-aa0eb49315d8;49.586409;19.040434;16.6;2026-03-08T00:48:01
ae6ef110-8ea4-4752-aac9-f1bd9297735d;b32099c6-ccf9-44a9-b088-d84e982d4e25;49.559132;19.439122;93.5;2026-03-14T17:24:52
e93b62b9-3ff8-42ab-92c8-6f4ba20d2b10;0f296116-ec48-4b34-b5ab-a233c1319f89;48.136362;19.425564;20.2;2026-03-07T23:48:07
ce9e5dc1-13d7-48ab-a6e8-5dc7ade04043;16206af6-6c0b-47ac-8b3e-ad9c4c07e03c;47.761213;20.563127;79.9;2026-03-01T07:13:04
c2c05c05-46a3-4b09-8bc6-16ccf05daac6;eb468294-c779-4f0c-99e6-ccea149b45e9;47.891704;16.991385;77.7;2026-03-23T01:15:47
8f902dce-ec04-4be0-840e-1107a0eca0b4;6520a990-afd1-406a-bf90-ed20065e5b2c;47.78405;19.302088;70.2;2026-03-25T01:08:32
67ac1791-7ef1-4ad2-b02d-81eb13db5cad;83c8d8e8-b225-4d19-b97f-3a2c559dd738;49.587619;18.134721;119.1;2026-03-19T10:36:38
8ce82dea-12b7-4967-9229-797218cd6a26;97855851-d0d2-4b47-ab8d-9c536dfea058;49.167823;21.46478;30.8;2026-03-05T21:33:14
7595bfb2-362e-4da0-9950-9786fdef141c;2922e8c2-741d-4ac6-b1c7-374e59d86846;48.485764;18.368377;72.4;2026-03-19T23:58:11
0e61db37-157c-4e65-8d34-5df419efacc5;4f2621c6-a06e-4757-954a-e271abb9a6fa;48.889387;19.235043;64.4;2026-03-12T20:42:24
b683fb40-7d5f-4b30-9d82-3c6a8c52c500;0757a7b4-278c-4eb8-af4a-ecabfc82df6a;49.193029;18.616786;54.1;2026-03-05T09:24:11
293cc900-d2f3-4057-8105-57777538b8d6;b545964f-559c-4f1b-b301-fada6e954141;49.133391;19.499057;110.4;2026-03-10T22:09:51
3bc5c973-7f20-46d6-acdb-42ce7de23f6c;88bd04ef-00d9-41b0-9fe4-206efbd7b095;48.579748;17.128456;53.6;2026-03-14T17:33:08
d392b9a7-8e1e-4c2e-b1fa-d72af3d6f5d9;9d544e9c-c3a1-432a-a2a7-bdfa16143b89;48.437996;18.253475;42.9;2026-03-03T14:54:23
a664c040-3567-4ca7-8e3a-91a52e102172;4a689ee2-fa42-47fe-a72f-02213a4def17;47.875682;20.930133;24.8;2026-03-09T12:43:38
225dd12f-5b7b-4a31-a6a5-8f3ac3d4ded1;7867a0a5-eaff-4c6f-bffb-84033db4d0b0;48.845552;21.779637;24.5;2026-03-25T18:46:42
04038189-9666-44de-84ca-0c284ec0160b;fc57724f-2281-4676-857e-df8e1da36a0b;48.761816;19.532547;113.0;2026-03-11T09:58:00
13bc778b-b1fe-49cc-be03-bd364ebfd664;e7a84663-2ebd-4c44-8447-e0c8a6c0895a;48.102435;17.883135;96.4;2026-03-24T15:58:15
0e188d11-c8b4-4fd1-95fb-84c73d25e5a3;b534fa3c-6998-4b12-b181-6cc13a82c0e5;49.02169;20.811481;51.6;2026-03-08T17:20:49
de4b1a46-20d6-4a28-a9ea-05694dfb6878;969e3244-7613-4abc-952b-dbd622481bb0;48.237812;19.457628;84.3;2026-03-10T08:23:32
251f8f09-05b1-48ca-bfbf-2de83ffc92f4;c30a8d73-9cf6-472e-a9ea-bf1c21262bbf;49.377343;19.456223;104.4;2026-03-24T15:48:53
df296572-abf1-4f0b-9ed4-c4651e62f4cc;85e5ec3f-34ff-40bc-ba3e-fd13ae5d3a03;48.308443;17.957827;40.7;2026-03-02T18:55:14
28b8673a-f3e0-4be8-98fa-886a52199db2;bd1adbda-2a64-4699-bab0-1d2f3f4fa11e;49.10838;16.892453;71.9;2026-03-19T18:46:26
6064a2fd-065d-4c4a-9f54-1e072f82161e;f6aea8a3-b401-403e-a2e9-f296587757b3;48.260865;17.918293;29.9;2026-03-19T07:31:35
74dc0806-ac6f-47ed-b330-458fd07f7116;4e8d37cf-a6f3-47df-8d7c-429a7d0d2438;48.943755;20.703626;33.5;2026-03-27T15:46:41
bdbc9c46-0040-4bb2-bf19-7f37d9f8d5c5;23386d5d-976a-4e60-a361-9c9d299d3b7b;49.105229;19.426725;95.3;2026-03-12T05:08:46
28d02806-cf91-42c5-b71a-b5c15c642b0e;c48ae881-2050-49e1-ac0e-a5b46ddf259d;48.738438;17.849072;115.6;2026-03-21T01:33:02
5406ff26-1a78-4f58-8993-7b09b5b15775;c2cf4fa0-34d4-4021-9664-3c3dab837ebc;49.29423;17.223683;106.3;2026-03-02T00:26:08
5591cc1a-2a6d-43ea-a057-ac270b87d8be;3bf788da-c49e-434e-b198-824a0a4e28c1;49.300835;18.11917;91.9;2026-03-01T06:32:29
cc661df2-5ea9-4130-a93f-3c871901a590;c098bd7b-e408-4a94-9d0a-b37cad08943b;48.409081;20.321661;86.7;2026-03-20T15:42:31
a6cd914e-42cb-4508-8fb9-9341ec7f1a2a;c219b5d3-e40c-42b4-94ab-3090fce222ab;47.72989;19.833611;53.5;2026-03-01T16:46:17
a34be149-239a-4b1e-95bb-a995f6bfc19b;cae0379f-439f-429f-881b-b01672f935eb;48.717902;18.434125;65.3;2026-03-23T21:27:51
09f5e50a-5321-4c21-ad99-b20732f3f72b;29c02f7b-2cc1-424d-b36c-60f11d7c06e5;49.485453;17.821821;119.3;2026-03-17T04:15:12
dba6f3fb-702e-454f-9076-0183c65003b9;7b4fbf0d-9acd-472a-9fb4-393af948b53e;48.877584;18.238784;46.1;2026-03-26T12:05:23
ebaf0e20-bf65-49e8-b97d-78266acabf34;8d074ade-e9c6-4464-b9f6-ade06e756c07;49.522666;19.416287;31.6;2026-03-23T07:19:43
679ddb4a-f9e7-4b07-a760-06825e82592a;18da1695-2141-45b4-8f40-0a55846f105e;49.273318;17.259516;128.9;2026-03-21T01:05:25
72d724cb-ad5b-4147-a2b1-d6a6f15be2d9;4c295f1e-1c8d-41c5-a228-fabc09c92b3a;48.420602;19.950398;7.3;2026-03-01T22:10:05
974471fa-a065-467b-b21b-54d56caf1d09;19e5dedd-45ab-4554-9530-20b773d673e3;48.649731;19.273285;102.0;2026-03-19T03:57:33
c1c35c9b-8224-44aa-9d2b-796eb556d565;d68aaf17-f4a7-4eab-85a3-6ccb61390bea;49.446389;18.109669;117.2;2026-03-23T18:30:17
04222795-70a2-4a05-8609-57a126558b0d;35f8a7b0-07f9-4650-ad36-53c84dbde1d9;47.788468;17.223784;120.3;2026-03-18T18:42:02
86e3f0d2-5903-4753-a05a-811e5a06dff1;38920785-d86b-48f2-93d0-59ffd157c792;48.040774;21.647437;2.0;2026-03-07T18:09:48
02883eb7-9f23-4537-b879-d3f2e4dc7b7c;3116313e-89f5-4e65-bb7b-fbb061278eaa;49.259312;21.479144;120.8;2026-03-10T05:36:15
09049012-5c63-4707-bb00-4f62c2c11354;0903c9ba-ecd6-40a6-b684-35c43005e595;48.776722;21.641822;88.0;2026-03-18T10:24:48
9042449a-00d1-4b00-ab5f-500abda969c3;241c0066-b3e7-45f3-9adb-e4521d332998;49.105516;21.305839;89.6;2026-03-03T16:47:22
83404820-163b-450b-893b-79f600690096;78585d76-ad7a-493e-96c1-dff48682384a;47.802023;19.291403;109.0;2026-03-11T19:49:39
6b41c18d-3709-45ea-abcf-e7faa82d4c10;afe51456-d279-4d45-9de0-03f87f1e5351;49.514231;19.061207;100.6;2026-03-01T20:17:50
32d60123-26dd-4e37-a790-ba3d383e9ac9;0a44e656-e43f-4121-8e9a-3ddcf0bf4c1b;49.585913;19.59644;46.3;2026-03-13T13:11:43
f7c6a486-ed50-43cd-83de-486756f91779;5a978572-6d2b-44df-a5c0-9727c646a690;48.813163;18.966414;100.4;2026-03-10T07:45:04
da35c2e1-ab0e-4098-860e-1b9026821bb6;f6d7f8a9-c856-4b3a-9af3-8f6706b71bc7;47.855872;17.679059;92.5;2026-03-21T04:47:24
1ca624e1-b65d-4981-99dd-8b79f9de25eb;cdb3830b-8ee8-4c53-a649-9e995b1e5468;48.301689;17.40734;0.7;2026-03-10T14:23:48
8d206b3d-86f6-4a42-a37d-d5dae8ef8d57;7a9be30d-ea42-451e-802f-29f2fc2ddd4f;48.212556;17.55529;24.4;2026-03-15T17:35:32
f59da93f-ca07-43f4-ac68-16ef0f42a2fb;d0b949d5-16fa-40f5-934d-b1522c98fe82;48.475284;16.949693;46.0;2026-03-03T19:38:50
4457d6c7-819e-4cf8-8247-f3bf434d01bf;6a586db2-7574-4402-9032-c6f91897a5bd;48.316418;18.995856;37.9;2026-03-13T02:46:57
14ddef8a-f17e-4690-b4f2-162080520913;75618605-70a3-46aa-9ca7-8b02e126eaf3;48.763119;22.458562;31.6;2026-03-17T05:43:24
f3004c7f-70d5-465a-9b6d-dbb468d6580b;7f532bbb-dc91-4950-b73f-258a9cd7b8f4;48.022053;18.332838;34.9;2026-03-05T02:10:27
fb59eb16-8377-4d72-a9a7-04e12b75d740;43bd4a85-3c62-4fcc-98ff-20384706804a;48.224328;18.508588;101.7;2026-03-12T08:15:46
618c021f-c6f9-4697-9e45-b55f413fd8e1;63de1197-180d-4726-a141-caef55069e8f;48.887564;20.184696;25.4;2026-03-04T04:19:00
25c43bb3-e40c-4714-aa13-25e73843564b;c5b3ebd2-8a64-4683-b59d-44d75a9d92aa;49.502765;18.693638;80.6;2026-03-26T10:28:21
da1721d7-dab0-4324-a2c8-ad1b4bd8be77;362a38be-cf1e-449f-a712-c2f34c742b5a;48.518171;21.494151;84.6;2026-03-20T04:19:20
b12ef507-c8b3-49b4-b85f-9854c9872a91;b499b33c-4994-403f-b4fc-616182abef3f;48.846101;20.763166;62.3;2026-03-06T12:20:18
1054637d-6f49-4986-baba-faac3116a152;f5afef53-a139-4dfc-94cf-23a44ba1c7e6;49.096261;20.407544;125.8;2026-03-26T07:20:24
7fcc11c1-3180-48ce-a4e2-cb2faef41bca;2e476e21-ab2c-4f9a-ad5b-887b12e8d29a;48.23257;21.279439;47.5;2026-03-19T06:37:34
16f1ee0d-9ee6-49ca-85c8-040f50c64939;32b3b0f0-6ccb-4f1a-a621-e07c0740d80d;48.041862;21.175422;3.5;2026-03-24T14:45:13
d0111c93-1b77-4146-8618-6c122399055c;2876ce14-8c22-43b1-aa97-8c4f8b630b34;48.533064;18.460588;90.1;2026-03-27T13:43:31
9ebcdda7-368c-44cd-ba54-54240be08580;87dcec99-7c38-496d-a2e8-1e367a8d0b1b;47.96444;18.526146;32.8;2026-03-05T22:27:50
aec7ba8c-3da5-4641-a1b1-732f975f3222;9c6432ec-e7e7-43b0-a8e1-1e62f47d48ba;48.416283;19.35968;77.7;2026-03-19T12:34:32
c824b6cf-9884-42fd-8727-13e3dd0ef8ff;69e86881-8766-451c-98b5-fc6cc95068bd;49.454642;21.756912;54.4;2026-03-02T11:44:57
f7c8489e-bf5a-424b-b5ef-3a6e5b5f4882;8b45865d-39cb-4e2d-8a1b-710326ed6c4b;49.243364;20.184774;118.9;2026-03-04T07:42:42
b0cc7de4-f282-4c56-b525-d160920139f6;1ae4f7a3-f015-42e9-8c50-92d559cf28ff;48.374517;20.487899;5.8;2026-03-21T21:41:25
68a2f17e-feda-4e43-8355-240f313d9b04;cd361d30-c969-4f47-9d0f-df2942f764dd;49.536941;18.690101;103.5;2026-03-04T00:06:16
2fbad43e-dd84-4b25-964a-f0a68fb36932;2b3fc5a7-bf29-48c8-b0ab-8e7930c5ee3c;48.121802;21.057062;72.5;2026-03-23T18:14:28
918c1243-be96-4b5c-8a9c-77bf7b1866ed;a9d79655-8d3a-43bc-b99d-f420599d9703;48.410827;19.43946;88.3;2026-03-23T16:09:22
64c9f611-625f-4305-8d1d-c2ba169a0ffe;dc937436-bbc7-4a7b-8972-caa4abd6a6ff;49.595635;19.551795;38.4;2026-03-03T03:53:46
ac9f3382-bed8-4449-8ed9-2305a6efa31d;cb339d69-691b-45a6-a433-fa1bf7d5ce36;47.969183;18.577775;59.2;2026-03-07T16:30:22
f51a55c7-9c07-4852-8ccf-7b993023361a;10f80f64-15b8-4071-96e5-1d3e11e8af26;48.604709;19.297546;90.6;2026-03-11T02:19:02
55262b32-5caf-47a2-9ccf-8cc9fe00f6ad;fe241c63-a6e2-47c0-b6ec-a1cf0ebcf53e;49.239353;17.455986;110.4;2026-03-21T03:43:51
8d964c9d-c852-4f8b-ab68-9b1270ba1ac7;658236de-587d-4c64-9e68-7d5bcbc47db0;48.012273;22.408233;31.7;2026-03-06T17:10:21
7f91cf2a-2169-497b-b919-18766d4930a3;422e0163-8af0-4cfd-9881-594cb83affce;48.763713;22.263237;30.1;2026-03-13T20:11:11
d0aa599b-e16a-4f2f-8df3-6718c738acdf;eedef206-7177-4a1d-ba7b-8c2ee70994dd;48.91691;19.263166;3.8;2026-03-20T06:28:37
1a29dae9-11cd-40ad-b83e-cce4b0bfd066;354bc7c0-d359-4f66-984d-a3aa71283621;48.51615;16.825365;27.9;2026-03-09T22:51:50
7cd1f68f-863f-4d11-94b3-757389d2cf86;b8826d28-1112-4545-990d-a9983218a02e;47.818871;17.379987;113.4;2026-03-06T11:20:12
472b4d69-eb04-4254-9085-41bdd65aff77;4f10ef32-e5e9-44e6-bf84-abc5890d686d;48.569346;18.295414;112.1;2026-03-17T20:20:38
bd8cf7b2-6a92-457b-bdad-e1ecec4867d0;af2d13d0-724c-452c-9ce0-68bb4434aed5;48.438415;19.037501;14.9;2026-03-12T14:39:11
45c2f635-7dfd-4c07-aa96-9878c685dde1;1076ec28-d872-426b-a2f2-10a25fb5ccf5;49.246103;20.824134;38.7;2026-03-20T18:05:43
6f96af6d-8288-484e-b14c-7881532fe99b;8cde2d8f-83ff-4b74-95f7-112bc3cbe7c1;47.954501;17.471811;39.7;2026-03-06T11:44:09
0a7c4b10-b593-41a5-b305-4675594e1e45;8c000b30-3a73-4ba0-b726-58b152799a32;48.670567;19.183963;17.9;2026-03-13T13:11:31