Id;Vin;Model;Manufacturer;Year;CurrentLocationId;BatteryStatusId;LastTripId
2c33e6b8-f7cc-478d-b5be-f14ee7a768da;USRJGF4CBFPR9BN3R;Mustang Mach-E;Ford;2020;;;
87e28869-d0d2-4ccb-bbeb-bde601a5aa97;AL4YUKPYGF1GZZTC6;Kona EV;Hyundai;2026;;;
e1c236bc-e439-448d-8cf2-8bbdd096b613;FV0NECRVFRG1U60L0;EV6;Kia;2023;;;
1e63a322-23e4-48a4-80f0-68aa985ee198;UELSL61URXDRCX2UE;Enyaq Coupe;Skoda;2025;;;
3ffa6a23-7da7-4c8e-9dbc-3200639a6180;826KTJST420RJ98FD;EQC;Mercedes;2021;;;
dc51f75c-579d-4b7c-b18a-e9c20b5b3325;L4E116TAHUYHV4L6A;e-208;Peugeot;2021;;;
50657dfa-dcbe-417b-ae82-3534b4e637ea;M9GW9NK0LAX8BH0WS;Qashqai;Nissan;2024;;;
fcebbb0d-366c-408f-9280-59b8e1110367;FF8EJJ7LT4PNW2055;Model Y;Tesla;2024;;;
a94c0069-ad49-442f-8e64-622a6b36a6b5;EYBRRAEDRECYE9SU8;i4;BMW;2021;;;
45f3802b-0745-415d-acec-ec227a7cd643;7S73NGG4Z436DGD2Y;EQB;Mercedes;2025;;;
1700edcb-04be-4cbf-82a0-36c8855b806b;NN5J4MU6SE5GDAFSL;Megane E-Tech;Renault;2021;;;
37f56eef-ad8e-4867-8a79-e341c1a53ff5;P2DL1A1T6V48KNVPD;Yaris;Toyota;2023;;;
394ceb56-40fd-412f-9e94-def1de8864e1;XDD79LD9FMEES2HSC;XC40 Recharge;Volvo;2025;;;
665a8753-a7a9-4d45-a335-1aafd27ab811;XTPXST2JW6XEA6GEP;XC40 Recharge;Volvo;2023;;;
16ac4481-3ffe-45a8-a61e-aa0eb49315d8;ZES0VL5WAWGJTHGKU;Niro EV;Kia;2021;;;
b32099c6-ccf9-44a9-b088-d84e982d4e25;YPT98TDF4UCAYJTL5;ID.4;Volkswagen;2025;;;
0f296116-ec48-4b34-b5ab-a233c1319f89;AHEKC0K4JCW0CZPSG;Sportage;Kia;2024;;;
16206af6-6c0b-47ac-8b3e-ad9c4c07e03c;KSLM3BMY3SULG1C7R;Superb;Skoda;2024;;;
eb468294-c779-4f0c-99e6-ccea149b45e9;WRRBN2YUEUZ92YBHT;EQS;Mercedes;2022;;;
6520a990-afd1-406a-bf90-ed20065e5b2c;G4ZX49H1NTC4AN04E;e-tron GT;Audi;2020;;;
83c8d8e8-b225-4d19-b97f-3a2c559dd738;XHW9W3X2VJN31MW2A;Explorer EV;Ford;2024;;;
97855851-d0d2-4b47-ab8d-9c536dfea058;4X655P97LFV9YFSWR;ID.5;Volkswagen;2021;;;
2922e8c2-741d-4ac6-b1c7-374e59d86846;BCS7E63N182SKAG4R;Zoe;Renault;2021;;;
4f2621c6-a06e-4757-954a-e271abb9a6fa;SH6J6X5945L75TSU8;Q8 e-tron;Audi;2020;;;
0757a7b4-278c-4eb8-af4a-ecabfc82df6a;5EVSUYXFJKR1KPE33;E-Transit;Ford;2022;;;
b545964f-559c-4f1b-b301-fada6e954141;DP31B17AZW13R8RU4;Superb;Skoda;2023;;;
88bd04ef-00d9-41b0-9fe4-206efbd7b095;Y2L6JB2BF4J6MDT1X;Ioniq 5;Hyundai;2023;;;
9d544e9c-c3a1-432a-a2a7-bdfa16143b89;Y1U3TF7BDZRECBSNB;EQS;Mercedes;2022;;;
4a689ee2-fa42-47fe-a72f-02213a4def17;J7HP6T0LHLWGBW12N;C40 Recharge;Volvo;2021;;;
7867a0a5-eaff-4c6f-bffb-84033db4d0b0;WHCZ40E9YA38G406K;i4;BMW;2020;;;
fc57724f-2281-4676-857e-df8e1da36a0b;U764UXSFU5S61YB8X;RAV4;Toyota;2025;;;
e7a84663-2ebd-4c44-8447-e0c8a6c0895a;ZTYUUANFS38S785BF;Q8 e-tron;Audi;2021;;;
b534fa3c-6998-4b12-b181-6cc13a82c0e5;SW07Z4YZ6UWTRHNXH;ID.4;Volkswagen;2023;;;
969e3244-7613-4abc-952b-dbd622481bb0;P7UVGNVR0MWAJUCDV;Ariya;Nissan;2021;;;
c30a8d73-9cf6-472e-a9ea-bf1c21262bbf;8GAV775YMDT7HE28E;Ariya;Nissan;2025;;;
85e5ec3f-34ff-40bc-ba3e-fd13ae5d3a03;KWFSH3R155W4WDGPP;XC40 Recharge;Volvo;2021;;;
bd1adbda-2a64-4699-bab0-1d2f3f4fa11e;SMELA357VCRVV6ERT;ID.3;Volkswagen;2021;;;
f6aea8a3-b401-403e-a2e9-f296587757b3;HRKUKEDLWV5H6W2U9;Zoe;Renault;2023;;;
4e8d37cf-a6f3-47df-8d7c-429a7d0d2438;FC4XTBFRBUCM75UM4;Sportage;Kia;2023;;;
23386d5d-976a-4e60-a361-9c9d299d3b7b;7Z3YXGLY38V2C6FXT;Puma;Ford;2020;;;
c48ae881-2050-49e1-ac0e-a5b46ddf259d;29A63DN085DPUJV58;Enyaq;Skoda;2026;;;
c2cf4fa0-34d4-4021-9664-3c3dab837ebc;SLWA3FRH6HK8V9U37;i3;BMW;2025;;;
3bf788da-c49e-434e-b198-824a0a4e28c1;K1N9JEU3Y9UAVW8K5;Ioniq 6;Hyundai;2023;;;
c098bd7b-e408-4a94-9d0a-b37cad08943b;Y16XNS1R3CX711K8C;Sportage;Kia;2022;;;
c219b5d3-e40c-42b4-94ab-3090fce222ab;G5G6AK3KE7TY2FY1X;e-tron GT;Audi;2026;;;
cae0379f-439f-429f-881b-b01672f935eb;CESVRF4GG5LWBCXDV;Puma;Ford;2026;;;
29c02f7b-2cc1-424d-b36c-60f11d7c06e5;KS3MLMF1S8KR6T6TA;Octavia;Skoda;2023;;;
7b4fbf0d-9acd-472a-9fb4-393af948b53e;LE5ZW4T6WN17GS1ZV;Panamera;Porsche;2022;;;
8d074ade-e9c6-4464-b9f6-ade06e756c07;2UAD8VRZRNTJGCW5C;Qashqai;Nissan;2020;;;
18da1695-2141-45b4-8f40-0a55846f105e;JFVX3MNJ09ULT7VYH;EX30;Volvo;2025;;;
4c295f1e-1c8d-41c5-a228-fabc09c92b3a;R20F2ATH60T10GR7B;Ioniq 5;Hyundai;2021;;;
19e5dedd-45ab-4554-9530-20b773d673e3;RE6W3HJCCW8HGSJ16;EX30;Volvo;2024;;;
d68aaf17-f4a7-4eab-85a3-6ccb61390bea;K3G83UC0P55S0G0ZD;Superb;Skoda;2024;;;
35f8a7b0-07f9-4650-ad36-53c84dbde1d9;H6FPBDYSJPEPPRYKA;Corolla;Toyota;2021;;;
38920785-d86b-48f2-93d0-59ffd157c792;TMHBJAZSXBMTDJ3HE;ID.4;Volkswagen;2021;;;
3116313e-89f5-4e65-bb7b-fbb061278eaa;09G59RCW6BD724G85;Tucson;Hyundai;2026;;;
0903c9ba-ecd6-40a6-b684-35c43005e595;KEJUX1V694GHP45R3;i3;BMW;2022;;;
241c0066-b3e7-45f3-9adb-e4521d332998;3GX4XT0K7EFFF4G0J;Superb;Skoda;2023;;;
78585d76-ad7a-493e-96c1-dff48682384a;YH3Z4DVWZG9PK7RGZ;EV6;Kia;2024;;;
afe51456-d279-4d45-9de0-03f87f1e5351;UR4BUBMUWYZAMK2EK;e-308;Peugeot;2020;;;
0a44e656-e43f-4121-8e9a-3ddcf0bf4c1b;P136YL0WXFDKLDFU5;Leaf;Nissan;2020;;;
5a978572-6d2b-44df-a5c0-9727c646a690;53UP9HZ4HV8WCR2DA;Puma;Ford;2023;;;
f6d7f8a9-c856-4b3a-9af3-8f6706b71bc7;JTVXHA84MJ1R9ZE2C;EQC;Mercedes;2021;;;
cdb3830b-8ee8-4c53-a649-9e995b1e5468;EX423VH2BXL60F4GS;bZ4X;Toyota;2023;;;
7a9be30d-ea42-451e-802f-29f2fc2ddd4f;F2WYRYLE9H9NZZKSG;Yaris;Toyota;2024;;;
d0b949d5-16fa-40f5-934d-b1522c98fe82;MKEM865XXK5E75WUD;e-tron GT;Audi;2021;;;
6a586db2-7574-4402-9032-c6f91897a5bd;65CD0VEF916C5NX79;Enyaq;Skoda;2022;;;
75618605-70a3-46aa-9ca7-8b02e126eaf3;GYF9MCS55L00V13YD;e-tron;Audi;2023;;;
7f532bbb-dc91-4950-b73f-258a9cd7b8f4;YG1VTKYFKZW2JFW1Y;Scenic E-Tech;Renault;2020;;;
43bd4a85-3c62-4fcc-98ff-20384706804a;F490B0WMPY8NRJKEV;e-2008;Peugeot;2025;;;
63de1197-180d-4726-a141-caef55069e8f;CYJ1KLML5C30S5V5R;e-208;Peugeot;2024;;;
c5b3ebd2-8a64-4683-b59d-44d75a9d92aa;7N056V193LNJTD70G;EV9;Kia;2022;;;
362a38be-cf1e-449f-a712-c2f34c742b5a;FLU59K4FR5ZB3D290;Leaf;Nissan;2022;;;
b499b33c-4994-403f-b4fc-616182abef3f;0RBXGYKJCV7J75AFB;EQS;Mercedes;2020;;;
f5afef53-a139-4dfc-94cf-23a44ba1c7e6;K4HVSWHDS36EH8B9S;ID.4;Volkswagen;2026;;;
2e476e21-ab2c-4f9a-ad5b-887b12e8d29a;4AZS3MF0E99B17C10;Ariya;Nissan;2022;;;
32b3b0f0-6ccb-4f1a-a621-e07c0740d80d;EZSGYJCZYM67MJE6C;ID.3;Volkswagen;2022;;;
2876ce14-8c22-43b1-aa97-8c4f8b630b34;NCXW927TCNVZDYUH0;ID.4;Volkswagen;2020;;;
87dcec99-7c38-496d-a2e8-1e367a8d0b1b;51YM880UF4F4MVXGF;Yaris;Toyota;2025;;;
9c6432ec-e7e7-43b0-a8e1-1e62f47d48ba;54L5Z5CZ4UDE209LB;Octavia;Skoda;2022;;;
69e86881-8766-451c-98b5-fc6cc95068bd;JES001CK5005EJ02X;Q8 e-tron;Audi;2020;;;
8b45865d-39cb-4e2d-8a1b-710326ed6c4b;HBM81HTT5PV8NHJE5;Explorer EV;Ford;2021;;;
1ae4f7a3-f015-42e9-8c50-92d559cf28ff;XZEVWLM09RHNJS8B0;Q8 e-tron;Audi;2020;;;
cd361d30-c969-4f47-9d0f-df2942f764dd;JFEW2733EJXE56ZJM;Niro EV;Kia;2023;;;
2b3fc5a7-bf29-48c8-b0ab-8e7930c5ee3c;9DHKWLLXRZVFTNUJW;Zoe;Renault;2023;;;
a9d79655-8d3a-43bc-b99d-f420599d9703;LKLYCBFCTP3B8VW7S;XC40 Recharge;Volvo;2024;;;
dc937436-bbc7-4a7b-8972-caa4abd6a6ff;6EDL5376PYKXXZ2J0;Austral;Renault;2022;;;
cb339d69-691b-45a6-a433-fa1bf7d5ce36;S6HU5SKGDV13SLXXN;EV6;Kia;2022;;;
10f80f64-15b8-4071-96e5-1d3e11e8af26;968W8BF296SPZDDV8;Zoe;Renault;2023;;;
fe241c63-a6e2-47c0-b6ec-a1cf0ebcf53e;AG4JT020C2DN0VE19;EX90;Volvo;2022;;;
658236de-587d-4c64-9e68-7d5bcbc47db0;HJG20Y0KN929CCCJY;Kona EV;Hyundai;2026;;;
422e0163-8af0-4cfd-9881-594cb83affce;6K9JXXL2WY998W7B0;Austral;Renault;2024;;;
eedef206-7177-4a1d-ba7b-8c2ee70994dd;WB7TRD7L1KSCHNB5X;Enyaq;Skoda;2023;;;
354bc7c0-d359-4f66-984d-a3aa71283621;P397DJPX71XM6YZT7;RAV4;Toyota;2023;;;
b8826d28-1112-4545-990d-a9983218a02e;WRWVP8X7ZUVH12ZKV;EQB;Mercedes;2022;;;
4f10ef32-e5e9-44e6-bf84-abc5890d686d;FZ5T7PNUUJGSSDRRD;Model S;Tesla;2025;;;
af2d13d0-724c-452c-9ce0-68bb4434aed5;7GJAL377NVXVDFRCM;iX;BMW;2022;;;
1076ec28-d872-426b-a2f2-10a25fb5ccf5;28MVCAWGYV68J96UN;RAV4;Toyota;2020;;;
8cde2d8f-83ff-4b74-95f7-112bc3cbe7c1;L6TMAYVNM249XF2GM;Megane E-Tech;Renault;2022;;;
8c000b30-3a73-4ba0-b726-58b152799a32;SAT1S5UYWAT0SDH6W;Q8 e-tron;Audi;2022;;;