Id;VehicleId;Type;Value;Timestamp
4cf0f32d-01aa-494d-99a6-63b0e11504a4;2c33e6b8-f7cc-478d-b5be-f14ee7a768da;oil_pressure;2.96;2026-03-19T15:51:36
eb451010-4c1e-4110-a848-299e038ac317;2c33e6b8-f7cc-478d-b5be-f14ee7a768da;rpm;1578.81;2026-03-13T11:39:01
0cdea7c8-9e7d-4937-9a89-9a7d61af6f0f;2c33e6b8-f7cc-478d-b5be-f14ee7a768da;tire_pressure_fl;2.28;2026-03-16T03:56:26
46a03ce6-810f-4d6a-975b-a85b8f2cb4ae;87e28869-d0d2-4ccb-bbeb-bde601a5aa97;rpm;848.25;2026-03-09T20:20:00
4eb2c299-0a28-4db5-9aa5-9aa359425125;87e28869-d0d2-4ccb-bbeb-bde601a5aa97;fuel_level;77.92;2026-03-19T23:36:14
e50b81af-14aa-4b2f-9198-35b0268754c3;87e28869-d0d2-4ccb-bbeb-bde601a5aa97;tire_pressure_rr;2.32;2026-03-23T22:39:06
64f51409-a7bb-405e-b99e-06202275effa;e1c236bc-e439-448d-8cf2-8bbdd096b613;coolant_temp;86.47;2026-03-08T15:22:42
ad07a707-d8b2-4905-89c7-ce637896fd9d;e1c236bc-e439-448d-8cf2-8bbdd096b613;coolant_temp;65.95;2026-03-27T17:57:39
66887938-d30c-497c-a91e-21b981975e31;e1c236bc-e439-448d-8cf2-8bbdd096b613;engine_temp;70.47;2026-03-06T16:54:30
7955b534-7894-4f74-83c2-650b4876f322;1e63a322-23e4-48a4-80f0-68aa985ee198;rpm;5294.84;2026-03-03T15:20:15
10d2149a-4c4f-4095-aea9-6895a362526b;1e63a322-23e4-48a4-80f0-68aa985ee198;tire_pressure_rr;2.77;2026-03-02T16:14:35
1822c386-e6e9-4d27-b5c5-5ad9a5d127fb;1e63a322-23e4-48a4-80f0-68aa985ee198;coolant_temp;76.13;2026-03-08T02:29:28
df4799e3-6de4-4976-aa77-467450cd9f6d;3ffa6a23-7da7-4c8e-9dbc-3200639a6180;battery_voltage;12.84;2026-03-28T15:28:20
1072dfa2-d87a-41ae-83c0-a44a90b7a7fb;3ffa6a23-7da7-4c8e-9dbc-3200639a6180;oil_pressure;4.93;2026-03-24T20:01:06
2cd8a46e-fa9a-4599-aae2-823ddfcb8933;3ffa6a23-7da7-4c8e-9dbc-3200639a6180;coolant_temp;76.49;2026-03-18T17:00:52
0536a8fe-7a9e-4e10-988e-64055c695267;dc51f75c-579d-4b7c-b18a-e9c20b5b3325;oil_pressure;4.27;2026-03-20T20:19:56
efc02971-c91e-471b-8126-e77b2ad08d47;dc51f75c-579d-4b7c-b18a-e9c20b5b3325;fuel_level;58.42;2026-03-21T21:29:21
b1651cae-c6a1-4a32-ae4f-c606acc9ea4f;dc51f75c-579d-4b7c-b18a-e9c20b5b3325;tire_pressure_rr;2.63;2026-03-27T07:54:29
9839ee1d-6175-46c8-9c13-f9018e3d83d1;50657dfa-dcbe-417b-ae82-3534b4e637ea;tire_pressure_rr;2.36;2026-03-20T19:30:45
17b4fb1a-fe37-4e3f-90ed-26934b4f1154;50657dfa-dcbe-417b-ae82-3534b4e637ea;tire_pressure_rr;2.52;2026-03-04T03:48:42
4e486a21-a83c-4d0c-89ff-d8312b826283;50657dfa-dcbe-417b-ae82-3534b4e637ea;tire_pressure_fr;1.8;2026-03-12T20:51:18
3a267ac4-8291-4806-b21f-f935c4b088d6;fcebbb0d-366c-408f-9280-59b8e1110367;fuel_level;54.59;2026-03-23T03:02:57
b45b01bb-846f-4862-a9ee-7631b75e9341;fcebbb0d-366c-408f-9280-59b8e1110367;tire_pressure_fl;2.29;2026-03-27T22:47:46
9a1d17b8-e0e6-42cb-8070-1ac51245a6db;fcebbb0d-366c-408f-9280-59b8e1110367;coolant_temp;64.28;2026-03-20T06:12:07
edeea115-03f2-4144-9971-37b0d49ac5e0;a94c0069-ad49-442f-8e64-622a6b36a6b5;coolant_temp;68.62;2026-03-27T06:45:21
d6d2ef5f-3efa-4ad1-bbab-cd4d7f24bd3b;a94c0069-ad49-442f-8e64-622a6b36a6b5;oil_pressure;4.15;2026-03-02T20:53:43
291236ed-73f0-41b1-bb61-c9a4ba5c2434;a94c0069-ad49-442f-8e64-622a6b36a6b5;battery_voltage;11.87;2026-03-15T14:42:37
e890f2ae-baef-48f1-b0e2-24ff2eb33ee5;45f3802b-0745-415d-acec-ec227a7cd643;fuel_level;17.79;2026-03-16T00:33:47
0d874d15-0691-40ca-acf2-a20459514d62;45f3802b-0745-415d-acec-ec227a7cd643;engine_temp;92.13;2026-03-14T18:30:59
56625894-a0a6-421b-89ca-d2fbebe1a471;45f3802b-0745-415d-acec-ec227a7cd643;fuel_level;79.2;2026-03-06T22:37:11
cae2da9c-5869-4420-8354-6447c6b81bad;1700edcb-04be-4cbf-82a0-36c8855b806b;tire_pressure_fl;1.9;2026-03-22T19:38:56
9fcfb472-6989-4952-a659-eaa51207d219;1700edcb-04be-4cbf-82a0-36c8855b806b;tire_pressure_rr;2.3;2026-03-13T13:38:58
243fc626-9876-46f8-a915-beecad5f699e;1700edcb-04be-4cbf-82a0-36c8855b806b;tire_pressure_fr;2.07;2026-03-11T09:28:51
571372ff-67b2-4f9c-adc1-a2a36d5b6b56;37f56eef-ad8e-4867-8a79-e341c1a53ff5;tire_pressure_fl;1.94;2026-03-20T22:56:47
0ee99f62-cae2-4a17-b76c-7393dd846439;37f56eef-ad8e-4867-8a79-e341c1a53ff5;fuel_level;33.4;2026-03-23T17:55:20
62f37406-e430-4136-a648-2ec9490fad21;37f56eef-ad8e-4867-8a79-e341c1a53ff5;fuel_level;65.1;2026-03-07T06:39:45
522f8f7a-7e64-4d18-81f1-0b70d7679d39;394ceb56-40fd-412f-9e94-def1de8864e1;tire_pressure_rl;2.49;2026-03-22T04:45:41
dc15144a-443e-4008-b864-15322d510958;394ceb56-40fd-412f-9e94-def1de8864e1;tire_pressure_fl;2.3;2026-03-23T20:20:45
fe1ec092-db97-4734-9409-073704d7ebff;394ceb56-40fd-412f-9e94-def1de8864e1;oil_pressure;4.16;2026-03-18T15:37:36
7c517737-c5ff-442e-8704-5ec1bddced05;665a8753-a7a9-4d45-a335-1aafd27ab811;coolant_temp;86.97;2026-03-27T17:18:56
9c0b0def-3f3e-41b7-bdc1-06c705d86102;665a8753-a7a9-4d45-a335-1aafd27ab811;coolant_temp;92.33;2026-03-17T03:01:24
4287c20c-63ea-4062-87c8-561b1b3c125a;665a8753-a7a9-4d45-a335-1aafd27ab811;tire_pressure_fl;1.85;2026-03-02T06:17:48
3d574d5d-b9eb-46b4-afbf-5d4e54fddb1d;16ac4481-3ffe-45a8-a61e-aa0eb49315d8;tire_pressure_fl;2.78;2026-03-22T08:09:53
7f00e977-efdf-4c61-8438-234e62797b9c;16ac4481-3ffe-45a8-a61e-aa0eb49315d8;engine_temp;97.62;2026-03-10T06:48:34
6e4bf496-2297-4fc9-ab46-4723fb9115fd;16ac4481-3ffe-45a8-a61e-aa0eb49315d8;engine_temp;84.35;2026-03-15T03:39:55
717aa9e8-f7f9-4096-905e-b3a80ac81a8c;b32099c6-ccf9-44a9-b088-d84e982d4e25;fuel_level;87.16;2026-03-24T20:35:24
1d6a1eea-4c1a-47da-8653-f4a91a0889c5;b32099c6-ccf9-44a9-b088-d84e982d4e25;tire_pressure_fr;2.31;2026-03-26T22:18:44
fb9fef7e-1785-493e-bb1f-9b07b16f0124;b32099c6-ccf9-44a9-b088-d84e982d4e25;engine_temp;107.06;2026-03-13T13:50:43
0fd1e6db-a2e9-41cc-881a-793bf62ac833;0f296116-ec48-4b34-b5ab-a233c1319f89;tire_pressure_rr;2.77;2026-03-02T00:47:16
cfe94c57-edf9-4e15-bab8-2d885dbdc064;0f296116-ec48-4b34-b5ab-a233c1319f89;tire_pressure_fr;2.42;2026-03-25T14:53:14
4b6932fe-4cb4-438c-8730-7597223b939e;0f296116-ec48-4b34-b5ab-a233c1319f89;tire_pressure_rr;2.56;2026-03-18T23:38:12
c8d9ada5-9ad3-4204-ad10-c6568c8819d4;16206af6-6c0b-47ac-8b3e-ad9c4c07e03c;tire_pressure_fr;2.09;2026-03-06T21:04:11
bdf9c2f4-d73a-4b68-98b3-c41d95f55379;16206af6-6c0b-47ac-8b3e-ad9c4c07e03c;tire_pressure_fl;2.54;2026-03-04T12:02:27
d5be85a9-02a3-4452-b42f-ce14c7eea5cb;16206af6-6c0b-47ac-8b3e-ad9c4c07e03c;tire_pressure_rl;2.36;2026-03-05T05:37:54
d6b32c83-1120-48a8-afc6-4a78ab979bf5;eb468294-c779-4f0c-99e6-ccea149b45e9;tire_pressure_rl;1.81;2026-03-15T22:59:09
d4a4e937-67d3-4514-82b1-7ec65985bd37;eb468294-c779-4f0c-99e6-ccea149b45e9;engine_temp;76.15;2026-03-11T19:03:49
0128ec00-f8a8-4f63-aaa4-d31dfb4207cd;eb468294-c779-4f0c-99e6-ccea149b45e9;battery_voltage;14.03;2026-03-10T15:50:36
12b31149-bd4b-4177-bda8-af8315f0f474;6520a990-afd1-406a-bf90-ed20065e5b2c;fuel_level;39.02;2026-03-26T22:20:33
352f6689-7881-43e2-b2ac-c678367d762f;6520a990-afd1-406a-bf90-ed20065e5b2c;tire_pressure_fr;2.76;2026-03-17T02:50:32
f8ca3543-bfdc-41ff-aa81-d9f761ce77b5;6520a990-afd1-406a-bf90-ed20065e5b2c;tire_pressure_fl;2.22;2026-03-18T12:05:22
f5adbac2-2d20-4cc4-b454-0968e82eb7bd;83c8d8e8-b225-4d19-b97f-3a2c559dd738;tire_pressure_fr;2.68;2026-03-22T10:21:23
6b83cb12-3709-4206-b455-39513542805f;83c8d8e8-b225-4d19-b97f-3a2c559dd738;tire_pressure_rl;2.02;2026-03-25T19:33:30
e22088cb-4ed4-40c0-a6a3-e9b3847e7757;83c8d8e8-b225-4d19-b97f-3a2c559dd738;fuel_level;83.25;2026-03-21T00:07:42
9fa4992d-8783-4299-b497-a1a09c984317;97855851-d0d2-4b47-ab8d-9c536dfea058;tire_pressure_rr;2.25;2026-03-21T19:58:39
aa2f9880-2093-41b3-a52a-818eb231ed0a;97855851-d0d2-4b47-ab8d-9c536dfea058;tire_pressure_fr;2.76;2026-03-22T10:24:58
a0c56ffd-2da3-4d73-a73d-001cbeb601c8;97855851-d0d2-4b47-ab8d-9c536dfea058;oil_pressure;2.85;2026-03-18T23:18:01
16c3f1db-983f-4433-b44d-39db7565f3a0;2922e8c2-741d-4ac6-b1c7-374e59d86846;fuel_level;83.1;2026-03-12T16:51:32
169ca759-a740-48d5-9092-b55c22ca543e;2922e8c2-741d-4ac6-b1c7-374e59d86846;rpm;3228.75;2026-03-10T20:12:20
0f708347-ff6a-484d-a49e-8f37446aaf51;2922e8c2-741d-4ac6-b1c7-374e59d86846;fuel_level;12.82;2026-03-04T05:49:34
90d904ae-92cd-4379-8866-482b8e4ffe70;4f2621c6-a06e-4757-954a-e271abb9a6fa;fuel_level;5.7;2026-03-03T06:42:40
7908682c-ac0b-44f8-a31a-c48be0c6eb72;4f2621c6-a06e-4757-954a-e271abb9a6fa;tire_pressure_fr;2.66;2026-03-14T03:13:34
3271091b-970e-4bd5-b97c-bf7ca84fcfd9;4f2621c6-a06e-4757-954a-e271abb9a6fa;coolant_temp;85.86;2026-03-03T23:43:09
7c4c69eb-4a89-46f5-a316-c374a8d8ecb8;0757a7b4-278c-4eb8-af4a-ecabfc82df6a;engine_temp;88.37;2026-03-11T01:05:04
cb7fae77-f0dd-45a4-8408-55da858d98dc;0757a7b4-278c-4eb8-af4a-ecabfc82df6a;engine_temp;77.12;2026-03-09T17:04:36
01216f70-20e3-4718-abd3-83c692cd03d1;0757a7b4-278c-4eb8-af4a-ecabfc82df6a;tire_pressure_fr;2.71;2026-03-14T12:28:40
202230fd-e0a3-4277-b807-31a00404afb3;b545964f-559c-4f1b-b301-fada6e954141;coolant_temp;77.32;2026-03-01T12:43:07
0590897e-2a60-4036-8876-622c2f9f66db;b545964f-559c-4f1b-b301-fada6e954141;fuel_level;5.56;2026-03-24T19:04:48
5ae73d10-694f-4d14-9a6b-2c6cb11c9d19;b545964f-559c-4f1b-b301-fada6e954141;battery_voltage;11.64;2026-03-28T02:22:59
40ea1586-3718-43ff-bc7e-a98b65949683;88bd04ef-00d9-41b0-9fe4-206efbd7b095;fuel_level;15.08;2026-03-26T21:19:38
162e61fa-6c2b-4ad3-90f8-c01ec3a8f8dc;88bd04ef-00d9-41b0-9fe4-206efbd7b095;oil_pressure;2.49;2026-03-15T12:25:52
6d613183-ad86-497c-9b5a-ac0643d92450;88bd04ef-00d9-41b0-9fe4-206efbd7b095;engine_temp;88.96;2026-03-18T07:08:47
8a5e027b-7a67-423c-986d-cd8fede7deae;9d544e9c-c3a1-432a-a2a7-bdfa16143b89;coolant_temp;91.87;2026-03-28T17:18:40
812edfb1-1dcd-4e6a-93a4-d4cb8e8adfae;9d544e9c-c3a1-432a-a2a7-bdfa16143b89;tire_pressure_fl;2.1;2026-03-26T23:41:23
45f8d534-9f7e-4204-96fb-1b4888c2dcb2;9d544e9c-c3a1-432a-a2a7-bdfa16143b89;engine_temp;92.14;2026-03-18T04:07:02
6571b926-9cd0-44ae-8065-2e60261fea5f;4a689ee2-fa42-47fe-a72f-02213a4def17;engine_temp;92.91;2026-03-13T17:35:05
97880431-fecb-4d44-a5dd-481325932367;4a689ee2-fa42-47fe-a72f-02213a4def17;tire_pressure_rl;2.01;2026-03-24T23:22:13
f1840951-0ce6-440e-bf89-b5bf1ace631b;4a689ee2-fa42-47fe-a72f-02213a4def17;coolant_temp;96.23;2026-03-28T16:09:10
4fd875c2-dc5d-43a9-9068-53cee08c6801;7867a0a5-eaff-4c6f-bffb-84033db4d0b0;tire_pressure_fl;2.02;2026-03-27T08:12:07
1b905afb-1bae-4dc9-af70-dc06243430d0;7867a0a5-eaff-4c6f-bffb-84033db4d0b0;tire_pressure_fl;2.47;2026-03-19T01:54:48
5c18db57-79d2-4a9a-ae36-6956f03fc409;7867a0a5-eaff-4c6f-bffb-84033db4d0b0;fuel_level;48.82;2026-03-18T02:18:42
56a5b4c4-c137-4a5d-b72a-78b3651eecab;fc57724f-2281-4676-857e-df8e1da36a0b;oil_pressure;2.38;2026-03-07T23:37:31
08cb56e4-d302-4d93-a946-0ad62a8f91a0;fc57724f-2281-4676-857e-df8e1da36a0b;tire_pressure_rr;2.16;2026-03-22T20:15:06
d617b53f-854d-48fd-a2d2-6c9566c91440;fc57724f-2281-4676-857e-df8e1da36a0b;tire_pressure_rl;2.42;2026-03-07T10:31:28
5bceebd8-68ac-4019-8487-66c35ad97cdb;e7a84663-2ebd-4c44-8447-e0c8a6c0895a;tire_pressure_rr;2.42;2026-03-10T22:37:09
1aad14ae-9706-493d-8e28-bea0a18f9749;e7a84663-2ebd-4c44-8447-e0c8a6c0895a;battery_voltage;13.2;2026-03-26T10:27:10
ce6e323a-e9dd-4a26-8698-b5c1af68aaf4;e7a84663-2ebd-4c44-8447-e0c8a6c0895a;engine_temp;82.53;2026-03-26T07:45:47
65418189-b0d2-4d9f-a49f-3d5c70b15980;b534fa3c-6998-4b12-b181-6cc13a82c0e5;coolant_temp;71.07;2026-03-12T04:43:46
82783661-6458-4250-b436-7c0386999217;b534fa3c-6998-4b12-b181-6cc13a82c0e5;tire_pressure_rr;2.68;2026-03-15T14:22:49
49d70f34-098e-4f1e-b06e-874aa647fd10;b534fa3c-6998-4b12-b181-6cc13a82c0e5;tire_pressure_rl;2.29;2026-03-04T05:41:38
0bff3abb-4b37-4fde-9524-89a7432f1487;969e3244-7613-4abc-952b-dbd622481bb0;oil_pressure;4.45;2026-03-28T04:57:34
f5eb2883-7ba6-4b31-bd57-c0115384f387;969e3244-7613-4abc-952b-dbd622481bb0;tire_pressure_fr;2.06;2026-03-21T02:46:04
161234e1-147a-458d-b9a4-180e8bc83a67;969e3244-7613-4abc-952b-dbd622481bb0;engine_temp;103.98;2026-03-21T00:52:37
7df26495-2627-4b62-8eea-6116a872f4ea;c30a8d73-9cf6-472e-a9ea-bf1c21262bbf;battery_voltage;12.72;2026-03-19T06:58:02
2e115d40-59f5-46ec-b28a-5297285a6c05;c30a8d73-9cf6-472e-a9ea-bf1c21262bbf;fuel_level;29.76;2026-03-18T15:41:49
ad63066c-eafc-4641-adf7-21c297c68906;c30a8d73-9cf6-472e-a9ea-bf1c21262bbf;tire_pressure_fl;2.17;2026-03-08T18:46:54
61eec660-ba8c-4671-b298-5d06e7f09c20;85e5ec3f-34ff-40bc-ba3e-fd13ae5d3a03;tire_pressure_rl;1.93;2026-03-17T16:05:25
ff39bdea-90f4-41d4-8d59-9ac78f6471d8;85e5ec3f-34ff-40bc-ba3e-fd13ae5d3a03;tire_pressure_rr;2.3;2026-03-22T07:54:51
1b9f7d97-86e0-4f38-8dca-89c146aa8267;85e5ec3f-34ff-40bc-ba3e-fd13ae5d3a03;battery_voltage;13.55;2026-03-25T16:08:28
8711bbe2-9705-4de1-bc87-07d2bd77f18a;bd1adbda-2a64-4699-bab0-1d2f3f4fa11e;tire_pressure_fl;1.98;2026-03-19T21:55:09
cfba860c-4368-478b-8cb7-a1c916bef1f6;bd1adbda-2a64-4699-bab0-1d2f3f4fa11e;rpm;5671.55;2026-03-02T07:48:31
3d8bf97d-89ed-40ba-bbb7-19da435a0cbf;bd1adbda-2a64-4699-bab0-1d2f3f4fa11e;tire_pressure_fr;1.86;2026-03-12T07:02:42
7d58e65d-b478-4206-8868-b3a9b417ea8e;f6aea8a3-b401-403e-a2e9-f296587757b3;tire_pressure_fr;2.32;2026-03-26T11:24:30
e54aa0fa-6f57-446d-bfa2-6751ac546546;f6aea8a3-b401-403e-a2e9-f296587757b3;rpm;5360.38;2026-03-02T20:20:06
25d3c979-be86-45a4-b30e-e0b66702bbbc;f6aea8a3-b401-403e-a2e9-f296587757b3;fuel_level;65.19;2026-03-09T23:16:37
07367674-ce07-4dc6-b4b6-b592aa7ea3ba;4e8d37cf-a6f3-47df-8d7c-429a7d0d2438;fuel_level;59.17;2026-03-13T20:24:23
11bca586-5a65-4d14-9072-743e9cb79747;4e8d37cf-a6f3-47df-8d7c-429a7d0d2438;battery_voltage;13.46;2026-03-27T02:33:16
b9a7089a-e62d-4c34-ba8c-0b4ebc6a6b04;4e8d37cf-a6f3-47df-8d7c-429a7d0d2438;coolant_temp;98.91;2026-03-08T16:25:22
1f2a3b71-c5a3-41a9-bb59-14f54ed9b43f;23386d5d-976a-4e60-a361-9c9d299d3b7b;tire_pressure_rr;2.29;2026-03-16T19:00:32
4959636a-cb1d-4b70-b970-c77e909e6b62;23386d5d-976a-4e60-a361-9c9d299d3b7b;tire_pressure_fl;2.24;2026-03-08T02:32:41
253b7b81-6d01-4104-9c78-f684e33907e9;23386d5d-976a-4e60-a361-9c9d299d3b7b;tire_pressure_rl;2.01;2026-03-06T05:23:38
a875391d-d0c6-45bf-8a24-5d46fd86fa0b;c48ae881-2050-49e1-ac0e-a5b46ddf259d;oil_pressure;3.81;2026-03-14T10:46:07
7b5f66a5-84ac-47c4-8e3f-e4cfc4d01d39;c48ae881-2050-49e1-ac0e-a5b46ddf259d;rpm;4246.24;2026-03-16T06:37:10
062ee7a4-7da0-42a7-ab27-49aca5164076;c48ae881-2050-49e1-ac0e-a5b46ddf259d;coolant_temp;60.9;2026-03-02T04:36:37
a6a827bd-ec88-4fba-8061-dfdfb21f36f0;c2cf4fa0-34d4-4021-9664-3c3dab837ebc;tire_pressure_fl;1.93;2026-03-17T01:57:36
7fa0c015-549a-4d6d-8b57-0eb8f4b10dc9;c2cf4fa0-34d4-4021-9664-3c3dab837ebc;tire_pressure_fl;1.86;2026-03-09T05:33:25
fd57d6ba-956f-4636-a10c-5dd28c3cc39e;c2cf4fa0-34d4-4021-9664-3c3dab837ebc;battery_voltage;14.41;2026-03-21T00:56:46
8082f781-1011-4c4f-a23f-7043aaf2990e;3bf788da-c49e-434e-b198-824a0a4e28c1;tire_pressure_rl;2.75;2026-03-07T14:38:30
9d391cb8-fff1-48bc-ab76-9a054c33fc93;3bf788da-c49e-434e-b198-824a0a4e28c1;rpm;1521.06;2026-03-27T13:38:09
83a88a32-9452-4a5f-8b90-d0e3b9397087;3bf788da-c49e-434e-b198-824a0a4e28c1;battery_voltage;13.96;2026-03-06T19:42:32
f07a230f-046b-475f-8e5f-c8fb0ed44607;c098bd7b-e408-4a94-9d0a-b37cad08943b;tire_pressure_rl;1.97;2026-03-22T10:59:29
5c1f25b9-d0a6-4269-8680-e381f74030f1;c098bd7b-e408-4a94-9d0a-b37cad08943b;battery_voltage;13.27;2026-03-08T12:24:08
0064c793-ac24-491d-85f2-7e81bed5576a;c098bd7b-e408-4a94-9d0a-b37cad08943b;oil_pressure;1.56;2026-03-17T16:43:26
6ecd0c5b-98f5-4708-955f-f74b278afa21;c219b5d3-e40c-42b4-94ab-3090fce222ab;tire_pressure_fl;2.41;2026-03-06T15:57:39
6f67a647-49a5-49be-956e-15d02e27fcfc;c219b5d3-e40c-42b4-94ab-3090fce222ab;battery_voltage;11.62;2026-03-26T17:32:48
9a5850c8-09e5-4048-84ef-fa93d29b2699;c219b5d3-e40c-42b4-94ab-3090fce222ab;oil_pressure;1.83;2026-03-22T04:57:38
e4450e8a-85b8-49e8-8bde-6ba5ee699913;cae0379f-439f-429f-881b-b01672f935eb;fuel_level;83.61;2026-03-25T21:41:27
ca950fb5-d22c-4c8a-9958-06b24768ad6b;cae0379f-439f-429f-881b-b01672f935eb;fuel_level;44.96;2026-03-28T01:44:33
3219fa0c-681c-4310-8f56-366cc282dec8;cae0379f-439f-429f-881b-b01672f935eb;coolant_temp;69.18;2026-03-26T15:50:49
209f19a6-ea8b-4b3d-88e5-707a52f92822;29c02f7b-2cc1-424d-b36c-60f11d7c06e5;coolant_temp;74.02;2026-03-26T23:58:48
6275fd46-8fc2-46c5-af85-a8a464bf35f1;29c02f7b-2cc1-424d-b36c-60f11d7c06e5;battery_voltage;11.79;2026-03-05T08:30:49
d84a6b2b-9415-46b5-8554-604a66507be8;29c02f7b-2cc1-424d-b36c-60f11d7c06e5;tire_pressure_fr;2.71;2026-03-03T09:38:56
e83b7be6-97b2-468a-b701-9ef84ec58a10;7b4fbf0d-9acd-472a-9fb4-393af948b53e;fuel_level;43.82;2026-03-07T00:45:47
4136fae8-42b1-4142-8272-1006da94c53b;7b4fbf0d-9acd-472a-9fb4-393af948b53e;engine_temp;93.12;2026-03-04T16:00:24
0390e7dc-a1be-4cab-b0b2-c14f56a458b7;7b4fbf0d-9acd-472a-9fb4-393af948b53e;tire_pressure_fr;2.49;2026-03-11T13:23:06
f9d3e5f1-38e2-4697-ab92-8ad27da07486;8d074ade-e9c6-4464-b9f6-ade06e756c07;tire_pressure_fl;2.23;2026-03-19T08:16:54
5bdb8614-6dde-44bf-b67f-71bebdb2a3d9;8d074ade-e9c6-4464-b9f6-ade06e756c07;fuel_level;45.24;2026-03-12T19:17:43
9040d39c-8fc2-422a-8150-e4a34b048d99;8d074ade-e9c6-4464-b9f6-ade06e756c07;coolant_temp;90.2;2026-03-14T17:50:35
e5a3e137-28a9-435f-9d7b-133faceec9bd;18da1695-2141-45b4-8f40-0a55846f105e;rpm;1565.09;2026-03-18T17:30:16
91bb1278-cf01-473a-aac0-b966313a7935;18da1695-2141-45b4-8f40-0a55846f105e;tire_pressure_rl;2.38;2026-03-25T22:25:47
c71ade25-5f8d-4597-89f1-568bbbffbb2d;18da1695-2141-45b4-8f40-0a55846f105e;tire_pressure_fl;2.65;2026-03-22T03:47:14
7d299a68-2076-44f8-9d45-acb7f37102eb;4c295f1e-1c8d-41c5-a228-fabc09c92b3a;rpm;4828.79;2026-03-06T03:13:32
08e127f2-151a-477c-a022-af0e99fc78f2;4c295f1e-1c8d-41c5-a228-fabc09c92b3a;coolant_temp;91.44;2026-03-26T17:39:44
f756ea0e-16c1-40ca-ac93-84ac13606ce1;4c295f1e-1c8d-41c5-a228-fabc09c92b3a;engine_temp;76.43;2026-03-21T00:51:05
a4fadaa7-ffc3-4f0a-af33-f131a3155636;19e5dedd-45ab-4554-9530-20b773d673e3;tire_pressure_fl;2.27;2026-03-20T13:05:04
0e33c12d-7051-4c7d-8f71-754d1683418e;19e5dedd-45ab-4554-9530-20b773d673e3;tire_pressure_rl;2.02;2026-03-03T19:02:46
6cdd494b-f049-42db-8daf-ac5a0054a497;19e5dedd-45ab-4554-9530-20b773d673e3;coolant_temp;97.23;2026-03-13T19:41:33
09cd17b9-dfaf-4f94-b6d0-6bb1cf2e6a62;d68aaf17-f4a7-4eab-85a3-6ccb61390bea;tire_pressure_rl;2.51;2026-03-20T01:49:52
983a1578-3f4c-4d0a-b7b9-13ac10c207f2;d68aaf17-f4a7-4eab-85a3-6ccb61390bea;tire_pressure_fl;2.44;2026-03-15T00:12:54
2867e41c-099a-4460-9919-956bbefa0313;d68aaf17-f4a7-4eab-85a3-6ccb61390bea;fuel_level;32.17;2026-03-02T19:32:33
84d91c90-0a8a-480d-a9d9-08083e9e91aa;35f8a7b0-07f9-4650-ad36-53c84dbde1d9;tire_pressure_fr;2.42;2026-03-22T01:23:15
ffef36e6-dfd2-4d3f-b701-1b8c62fee83b;35f8a7b0-07f9-4650-ad36-53c84dbde1d9;engine_temp;109.03;2026-03-03T08:49:25
43e916d1-d5df-44da-a3d2-eb07d61ad4dc;35f8a7b0-07f9-4650-ad36-53c84dbde1d9;tire_pressure_rr;2.47;2026-03-13T18:12:33
9afeb715-13f0-4faf-b23a-1005a6535a5e;38920785-d86b-48f2-93d0-59ffd157c792;engine_temp;99.48;2026-03-03T02:35:18
bdb7c697-9b28-4549-b3af-84adad5d9fa3;38920785-d86b-48f2-93d0-59ffd157c792;fuel_level;91.93;2026-03-12T11:52:17
60a4e9bb-4c4b-43bd-bc0a-d83aac5a5a9b;38920785-d86b-48f2-93d0-59ffd157c792;tire_pressure_fr;2.41;2026-03-07T14:59:25
e2482ba3-cbdd-44f7-95c9-2f5127f6fdb0;3116313e-89f5-4e65-bb7b-fbb061278eaa;battery_voltage;11.51;2026-03-06T13:32:06
778cce52-4bb4-4e90-b4ff-ba8b751203e9;3116313e-89f5-4e65-bb7b-fbb061278eaa;fuel_level;11.88;2026-03-10T10:07:51
93036aaf-b387-4070-b32e-1d5f1100219d;3116313e-89f5-4e65-bb7b-fbb061278eaa;fuel_level;95.89;2026-03-18T18:16:44
16a02149-761f-4bec-9fcd-5ad7380b9c4f;0903c9ba-ecd6-40a6-b684-35c43005e595;rpm;5816.7;2026-03-19T15:49:15
5338eb77-fc17-40c7-bebf-15e3f075c8eb;0903c9ba-ecd6-40a6-b684-35c43005e595;tire_pressure_rr;2.76;2026-03-15T21:29:57
137ba7ad-9e23-42bb-96fc-bc202a947542;0903c9ba-ecd6-40a6-b684-35c43005e595;battery_voltage;14.09;2026-03-16T03:16:04
44278ef5-9d67-4157-9084-aa8ce1363d0f;241c0066-b3e7-45f3-9adb-e4521d332998;coolant_temp;85.35;2026-03-08T21:44:14
97a01794-5c8d-45ed-a8b4-848e0f916df7;241c0066-b3e7-45f3-9adb-e4521d332998;tire_pressure_rr;2.21;2026-03-12T16:34:00
d8602096-d566-4c59-bc25-bc8103e29f3f;241c0066-b3e7-45f3-9adb-e4521d332998;tire_pressure_rl;2.05;2026-03-03T12:43:47
bcea4b18-4c38-439e-ace4-da1d5eec3ce3;78585d76-ad7a-493e-96c1-dff48682384a;tire_pressure_rr;1.88;2026-03-06T15:20:22
48be89e7-227c-440c-ab5b-83b7b1e36ad5;78585d76-ad7a-493e-96c1-dff48682384a;tire_pressure_fr;2.69;2026-03-09T05:47:43
9b6ad849-fcdd-48be-a593-ec53ac5497dc;78585d76-ad7a-493e-96c1-dff48682384a;tire_pressure_fr;2.3;2026-03-07T07:47:15
9a6a70b6-1be0-4e4d-99d1-5e51be472262;afe51456-d279-4d45-9de0-03f87f1e5351;tire_pressure_rl;2.01;2026-03-07T07:53:39
aa158470-541b-4289-927a-f8ca822181ba;afe51456-d279-4d45-9de0-03f87f1e5351;tire_pressure_rr;1.96;2026-03-04T03:58:05
6cd24326-0f27-485d-9181-e862bffde3a2;afe51456-d279-4d45-9de0-03f87f1e5351;rpm;3914.67;2026-03-25T17:02:54
d66c82ab-f77f-4012-958d-baf9b8994a59;0a44e656-e43f-4121-8e9a-3ddcf0bf4c1b;rpm;2604.46;2026-03-11T15:57:56
11cfe1a6-66d0-4dea-9934-60288580f079;0a44e656-e43f-4121-8e9a-3ddcf0bf4c1b;battery_voltage;14.11;2026-03-16T05:48:58
b881e097-c8c5-4b19-a9bb-4130e1117e07;0a44e656-e43f-4121-8e9a-3ddcf0bf4c1b;fuel_level;31.63;2026-03-08T18:08:03
c415cf81-07d8-48a7-800f-f282698832c4;5a978572-6d2b-44df-a5c0-9727c646a690;fuel_level;80.93;2026-03-16T17:02:32
6e63e6db-2c7e-4341-bcfb-a3c733d8b8da;5a978572-6d2b-44df-a5c0-9727c646a690;tire_pressure_rr;2.19;2026-03-22T05:29:07
7eb3259c-cacb-4de6-94d6-d14689bfe422;5a978572-6d2b-44df-a5c0-9727c646a690;fuel_level;48.71;2026-03-23T00:00:43
960238ba-181b-48eb-9708-5e9491052392;f6d7f8a9-c856-4b3a-9af3-8f6706b71bc7;tire_pressure_fr;2.18;2026-03-04T10:23:39
1ddf1e7c-4510-4606-8005-61c0379a06c6;f6d7f8a9-c856-4b3a-9af3-8f6706b71bc7;tire_pressure_rl;1.99;2026-03-09T07:17:30
74b22948-9dff-468f-8471-b8ed486a1fb1;f6d7f8a9-c856-4b3a-9af3-8f6706b71bc7;battery_voltage;12.53;2026-03-06T15:27:13
ea95b726-407b-4bb6-b7a9-9e91559e46b0;cdb3830b-8ee8-4c53-a649-9e995b1e5468;coolant_temp;88.03;2026-03-12T11:54:25
58c94b32-fd44-40fb-888d-fbf0aaa237d1;cdb3830b-8ee8-4c53-a649-9e995b1e5468;tire_pressure_rl;2.25;2026-03-19T04:36:43
e9816379-21bb-44fe-9210-344ebe167e5a;cdb3830b-8ee8-4c53-a649-9e995b1e5468;tire_pressure_fr;2.61;2026-03-24T08:51:15
6ecef5ab-d9db-4129-bd24-1f99472c9540;7a9be30d-ea42-451e-802f-29f2fc2ddd4f;fuel_level;46.06;2026-03-13T06:09:51
81399e15-5ea5-4633-9ac3-ce9bcacf503f;7a9be30d-ea42-451e-802f-29f2fc2ddd4f;tire_pressure_fl;2.27;2026-03-01T05:26:31
57f8638c-ee84-43a8-9e47-bf289b12d53c;7a9be30d-ea42-451e-802f-29f2fc2ddd4f;tire_pressure_fl;2.8;2026-03-28T20:33:34
71318f45-61ba-444b-9558-523aaaf587b5;d0b949d5-16fa-40f5-934d-b1522c98fe82;tire_pressure_rr;2.59;2026-03-10T08:35:54
a2199898-d438-4dba-9c30-1191c8ac43bb;d0b949d5-16fa-40f5-934d-b1522c98fe82;battery_voltage;11.64;2026-03-04T22:10:03
6291f4a3-dd27-4d49-897f-a01a83f0322f;d0b949d5-16fa-40f5-934d-b1522c98fe82;tire_pressure_fr;2.61;2026-03-16T20:06:28
9eaba4de-9fdd-4037-a7b4-0f97c20aa6d3;6a586db2-7574-4402-9032-c6f91897a5bd;tire_pressure_rr;2.06;2026-03-12T17:35:59
e894a23a-2196-4577-9600-e16011b04050;6a586db2-7574-4402-9032-c6f91897a5bd;tire_pressure_rl;2.14;2026-03-14T03:22:55
421376ad-0c9b-407f-93ed-0b4b79e8478a;6a586db2-7574-4402-9032-c6f91897a5bd;battery_voltage;12.1;2026-03-19T20:41:34
00bf842a-6794-4acc-9f40-ca3a3540d632;75618605-70a3-46aa-9ca7-8b02e126eaf3;tire_pressure_fl;2.78;2026-03-10T11:20:43
0f2d8ec3-d4d4-43a8-8a1b-19b343a276ec;75618605-70a3-46aa-9ca7-8b02e126eaf3;fuel_level;51.31;2026-03-24T14:56:05
41de2c2f-b46d-4a89-8ed6-affbedc688c3;75618605-70a3-46aa-9ca7-8b02e126eaf3;coolant_temp;84.55;2026-03-15T20:09:55
4ba649ef-eceb-47e8-b7a8-3069394e80b7;7f532bbb-dc91-4950-b73f-258a9cd7b8f4;tire_pressure_fl;2.44;2026-03-11T13:40:39
5f53501b-99b5-456e-9968-336a2a61e9d8;7f532bbb-dc91-4950-b73f-258a9cd7b8f4;battery_voltage;12.71;2026-03-03T02:10:21
b2ab3867-f5f6-483f-ac19-1c83e0e3f1d3;7f532bbb-dc91-4950-b73f-258a9cd7b8f4;tire_pressure_fr;2.11;2026-03-21T09:45:17
960d5b8c-9dae-43a6-8c9a-88f80705d148;43bd4a85-3c62-4fcc-98ff-20384706804a;battery_voltage;13.43;2026-03-09T14:49:55
5d34f023-e48a-4309-9cb5-8ba7da34f3fa;43bd4a85-3c62-4fcc-98ff-20384706804a;tire_pressure_rr;2.55;2026-03-17T14:26:10
a8f37352-ab77-4758-b146-f8d14d737d69;43bd4a85-3c62-4fcc-98ff-20384706804a;tire_pressure_fl;2.65;2026-03-05T23:15:42
72af20aa-1e24-4eee-ad0b-4770a5675016;63de1197-180d-4726-a141-caef55069e8f;tire_pressure_rl;2.74;2026-03-23T23:05:13
8f378c63-1ba8-40cd-8dce-dc6b36482954;63de1197-180d-4726-a141-caef55069e8f;tire_pressure_fl;2.2;2026-03-04T02:59:56
3560a26f-2a80-4121-85f2-df3a441474c1;63de1197-180d-4726-a141-caef55069e8f;rpm;3561.54;2026-03-01T12:33:48
8fd16f23-1d7c-4034-8f77-608ccb08a59d;c5b3ebd2-8a64-4683-b59d-44d75a9d92aa;oil_pressure;1.86;2026-03-20T04:05:41
4415a580-184d-4af7-87bc-a63984c18024;c5b3ebd2-8a64-4683-b59d-44d75a9d92aa;coolant_temp;72.37;2026-03-08T23:18:28
dcb4df21-c34a-47c8-a0bc-abff71b88d8c;c5b3ebd2-8a64-4683-b59d-44d75a9d92aa;tire_pressure_fl;1.93;2026-03-27T05:01:02
dd9fc156-0af2-48ed-944b-44f04b7526ab;362a38be-cf1e-449f-a712-c2f34c742b5a;tire_pressure_rr;2.66;2026-03-11T15:29:55
0a4bded1-47c3-4813-b97b-2dfab3393305;362a38be-cf1e-449f-a712-c2f34c742b5a;fuel_level;93.81;2026-03-18T14:08:44
19640ce9-d07b-46cb-ab3a-d7e6d0e78a7e;362a38be-cf1e-449f-a712-c2f34c742b5a;fuel_level;21.82;2026-03-20T14:40:47
9ba0be56-8f09-426b-a52f-8d391ab49551;b499b33c-4994-403f-b4fc-616182abef3f;battery_voltage;12.8;2026-03-21T20:34:19
89c96ede-6587-4b76-817c-fba618025c12;b499b33c-4994-403f-b4fc-616182abef3f;tire_pressure_rr;2.28;2026-03-08T02:28:19
d3bebdec-ec0c-426e-b688-a5ae9098b506;b499b33c-4994-403f-b4fc-616182abef3f;tire_pressure_rr;2.21;2026-03-05T09:00:00
fadddeb1-9613-4848-a9e1-4ca7f3696b32;f5afef53-a139-4dfc-94cf-23a44ba1c7e6;fuel_level;82.46;2026-03-28T04:22:18
61db3aec-9f4b-4c15-9f78-553b1b036a24;f5afef53-a139-4dfc-94cf-23a44ba1c7e6;rpm;3489.53;2026-03-23T15:48:30
5630eacb-bc2f-47c2-8089-63c9788b743f;f5afef53-a139-4dfc-94cf-23a44ba1c7e6;tire_pressure_rl;1.81;2026-03-14T09:38:14
efac0e1e-395e-4f0c-bef8-f83587303d21;2e476e21-ab2c-4f9a-ad5b-887b12e8d29a;engine_temp;91.93;2026-03-07T13:56:35
45f5ad1b-1c06-42b2-b1b8-0c2a3082a872;2e476e21-ab2c-4f9a-ad5b-887b12e8d29a;coolant_temp;75.79;2026-03-06T22:47:41
f8a7514a-15c3-4f0a-88bf-162a8726f2ee;2e476e21-ab2c-4f9a-ad5b-887b12e8d29a;coolant_temp;93.14;2026-03-08T08:05:27
7ef184b1-22ad-429e-9f90-87f44100aa15;32b3b0f0-6ccb-4f1a-a621-e07c0740d80d;tire_pressure_fr;2.32;2026-03-26T19:51:44
c9e67080-0e54-47de-a503-36c3926fea74;32b3b0f0-6ccb-4f1a-a621-e07c0740d80d;tire_pressure_rl;2.08;2026-03-24T17:51:17
9f0dd90b-b9b7-441c-a0d2-e8cd0b494f22;32b3b0f0-6ccb-4f1a-a621-e07c0740d80d;coolant_temp;67.52;2026-03-03T05:08:18
a1fc9da3-07b4-43cc-b029-02ed6df212b9;2876ce14-8c22-43b1-aa97-8c4f8b630b34;oil_pressure;3.73;2026-03-20T14:17:44
26cbe01d-3843-4837-bc70-f4342746788b;2876ce14-8c22-43b1-aa97-8c4f8b630b34;battery_voltage;12.98;2026-03-11T00:09:03
4dba2a86-885e-4d0b-822b-f72cd2464c32;2876ce14-8c22-43b1-aa97-8c4f8b630b34;fuel_level;7.1;2026-03-04T09:17:08
2ef36f05-eddd-4912-b3a5-fc290f89518c;87dcec99-7c38-496d-a2e8-1e367a8d0b1b;rpm;4526.38;2026-03-08T02:09:00
c735a95e-58eb-425e-b541-3959bdb812a4;87dcec99-7c38-496d-a2e8-1e367a8d0b1b;rpm;1772.82;2026-03-14T09:50:51
72bd6647-632d-4186-840b-28de29afaf85;87dcec99-7c38-496d-a2e8-1e367a8d0b1b;rpm;5989.0;2026-03-15T22:50:02
d1526cce-bdd6-4074-8f8a-febc0d8fa938;9c6432ec-e7e7-43b0-a8e1-1e62f47d48ba;tire_pressure_rr;1.88;2026-03-25T04:03:17
0b52684a-dcba-47f6-b01f-4e7d6525364a;9c6432ec-e7e7-43b0-a8e1-1e62f47d48ba;coolant_temp;62.86;2026-03-16T05:12:57
7e6e3651-1c4b-41a2-819c-99c741171882;9c6432ec-e7e7-43b0-a8e1-1e62f47d48ba;tire_pressure_rl;2.62;2026-03-27T00:07:49
ac09555d-3846-456b-a6e8-22b484331baf;69e86881-8766-451c-98b5-fc6cc95068bd;tire_pressure_fr;2.18;2026-03-15T07:47:02
efcab4ae-5720-477b-a606-daa705f60b4f;69e86881-8766-451c-98b5-fc6cc95068bd;tire_pressure_fr;2.26;2026-03-25T03:33:42
34766187-dcdd-4a36-8708-f827647f5910;69e86881-8766-451c-98b5-fc6cc95068bd;tire_pressure_fr;2.27;2026-03-22T09:59:20
7254cacd-7309-41c2-982e-59a67001ad70;8b45865d-39cb-4e2d-8a1b-710326ed6c4b;tire_pressure_fl;2.43;2026-03-02T23:59:35
49f52ae8-cf8f-421c-bd9c-271bd679ca6b;8b45865d-39cb-4e2d-8a1b-710326ed6c4b;fuel_level;16.6;2026-03-16T20:19:12
70ee5f86-90b4-46b6-8618-3655321a0ad8;8b45865d-39cb-4e2d-8a1b-710326ed6c4b;tire_pressure_rr;2.69;2026-03-28T21:13:07
51c4c560-7fdc-4825-9054-b9e666a4f3e3;1ae4f7a3-f015-42e9-8c50-92d559cf28ff;tire_pressure_fr;2.43;2026-03-11T00:10:50
df18af16-c04e-4556-87ec-d83351692ee7;1ae4f7a3-f015-42e9-8c50-92d559cf28ff;tire_pressure_rl;2.38;2026-03-13T07:00:02
bc4d07c8-54a9-4b54-8562-c54a1f11d45d;1ae4f7a3-f015-42e9-8c50-92d559cf28ff;battery_voltage;13.85;2026-03-16T22:38:09
ac45f6c4-3d36-45d3-93f0-9abcf22a4c95;cd361d30-c969-4f47-9d0f-df2942f764dd;tire_pressure_rr;2.57;2026-03-08T05:31:05
c2c70fcb-5a84-4abe-be13-9f3f997dc6f2;cd361d30-c969-4f47-9d0f-df2942f764dd;battery_voltage;12.52;2026-03-25T20:03:03
f26745bb-3a2b-4158-ae80-0e1d6449a80b;cd361d30-c969-4f47-9d0f-df2942f764dd;tire_pressure_rr;2.44;2026-03-23T17:50:06
24ca357f-bcf7-41b3-99dc-3ed5b5773fc1;2b3fc5a7-bf29-48c8-b0ab-8e7930c5ee3c;tire_pressure_fl;2.29;2026-03-11T17:50:41
893df23e-1568-42ba-8908-49e28835b209;2b3fc5a7-bf29-48c8-b0ab-8e7930c5ee3c;tire_pressure_rr;2.61;2026-03-15T23:12:01
3bafaa2d-5e56-4887-bb6d-7298f363e1d4;2b3fc5a7-bf29-48c8-b0ab-8e7930c5ee3c;coolant_temp;74.33;2026-03-05T08:57:02
71d0519b-9d3c-42f4-a991-c0dc4202f8dd;a9d79655-8d3a-43bc-b99d-f420599d9703;rpm;4415.78;2026-03-18T09:34:44
46518849-a142-4dcb-ac26-ba040c7da605;a9d79655-8d3a-43bc-b99d-f420599d9703;rpm;1624.79;2026-03-06T17:22:20
97fc2d5a-641f-4aa0-a0ec-95b9417f8226;a9d79655-8d3a-43bc-b99d-f420599d9703;rpm;2086.75;2026-03-27T19:58:55
f6b2660b-cd07-4add-ad7a-769ad92b73fc;dc937436-bbc7-4a7b-8972-caa4abd6a6ff;fuel_level;20.23;2026-03-17T04:28:18
43f2dca0-5e86-4aed-94c1-d02a08daa6ef;dc937436-bbc7-4a7b-8972-caa4abd6a6ff;tire_pressure_rl;2.34;2026-03-15T00:49:40
d476dcc3-d779-48df-b0b1-ab14e5989e18;dc937436-bbc7-4a7b-8972-caa4abd6a6ff;fuel_level;41.01;2026-03-06T00:39:54
68fe8cad-eb8a-4dd9-8bbf-d47efaf56787;cb339d69-691b-45a6-a433-fa1bf7d5ce36;tire_pressure_rr;2.58;2026-03-08T10:46:04
ab123631-45eb-481e-bd41-b93b64971175;cb339d69-691b-45a6-a433-fa1bf7d5ce36;fuel_level;82.81;2026-03-07T16:43:31
61ee75bd-9f77-4b43-b0a4-649035f66524;cb339d69-691b-45a6-a433-fa1bf7d5ce36;fuel_level;19.64;2026-03-10T10:26:41
eda86f1f-f803-466c-947f-050e1ca8c637;10f80f64-15b8-4071-96e5-1d3e11e8af26;tire_pressure_rr;1.91;2026-03-17T21:04:02
767af49d-304a-43e1-ab45-bd9c92aada73;10f80f64-15b8-4071-96e5-1d3e11e8af26;tire_pressure_fl;1.98;2026-03-02T06:06:31
aad13c4b-d06e-434f-ad99-3cb7db0ca512;10f80f64-15b8-4071-96e5-1d3e11e8af26;tire_pressure_fr;1.9;2026-03-19T20:53:24
9d7bd0dc-b407-422c-907a-6827989addbb;fe241c63-a6e2-47c0-b6ec-a1cf0ebcf53e;rpm;3439.44;2026-03-23T18:16:03
0394737f-b25b-43df-9686-f0b8e56bbc45;fe241c63-a6e2-47c0-b6ec-a1cf0ebcf53e;tire_pressure_rr;2.02;2026-03-23T02:00:59
4a932b01-16c4-4eb0-aaf6-6212ccb87182;fe241c63-a6e2-47c0-b6ec-a1cf0ebcf53e;tire_pressure_fr;2.46;2026-03-27T02:29:51
fae90687-66c0-4e5c-ad19-576167e98f94;658236de-587d-4c64-9e68-7d5bcbc47db0;engine_temp;84.44;2026-03-24T13:52:23
69c69909-7ac1-45ee-a176-804796b7a2c2;658236de-587d-4c64-9e68-7d5bcbc47db0;engine_temp;102.95;2026-03-09T16:02:46
533f0aac-8d4b-4b6f-93fd-1b4bde8efc91;658236de-587d-4c64-9e68-7d5bcbc47db0;oil_pressure;4.42;2026-03-03T06:33:06
a3ecf639-5553-4def-97db-2c341af5c57a;422e0163-8af0-4cfd-9881-594cb83affce;oil_pressure;4.04;2026-03-18T12:12:12
05258f4b-b69a-4ec9-a7f7-d4396a880460;422e0163-8af0-4cfd-9881-594cb83affce;fuel_level;67.4;2026-03-19T20:11:35
e3284509-8e80-428d-9e51-8ca66f984a50;422e0163-8af0-4cfd-9881-594cb83affce;fuel_level;44.44;2026-03-04T20:36:22
cfb560de-305f-43d1-a151-ab1273a81707;eedef206-7177-4a1d-ba7b-8c2ee70994dd;rpm;4393.77;2026-03-14T03:10:50
43df2bb4-0763-4137-aa3e-ba9af8a11c70;eedef206-7177-4a1d-ba7b-8c2ee70994dd;tire_pressure_fl;2.35;2026-03-17T10:42:10
bced31f4-d41b-4112-a33c-51df5f8ee363;eedef206-7177-4a1d-ba7b-8c2ee70994dd;fuel_level;99.85;2026-03-15T11:57:20
482bc995-c994-4402-8138-0b7e9620ac7f;354bc7c0-d359-4f66-984d-a3aa71283621;fuel_level;99.19;2026-03-11T11:26:48
2e637f58-0686-4d78-bf98-69a6f47008e4;354bc7c0-d359-4f66-984d-a3aa71283621;coolant_temp;93.05;2026-03-11T19:15:36
f12c2460-18ac-4d64-9139-90a13beb0ac6;354bc7c0-d359-4f66-984d-a3aa71283621;fuel_level;25.32;2026-03-25T17:59:47
38b3ac8c-0166-4d27-b479-bb26aabe5b7f;b8826d28-1112-4545-990d-a9983218a02e;tire_pressure_rl;2.16;2026-03-15T14:25:00
ce4251bb-906b-49c8-bc9b-4f917bbf0437;b8826d28-1112-4545-990d-a9983218a02e;engine_temp;109.32;2026-03-20T00:33:08
f43d1744-bfaa-440d-86e8-cfe222cbb92c;b8826d28-1112-4545-990d-a9983218a02e;tire_pressure_rl;1.81;2026-03-08T06:54:20
c99f34be-4a93-4f0f-835a-3aefb74ce96e;4f10ef32-e5e9-44e6-bf84-abc5890d686d;engine_temp;100.86;2026-03-23T08:58:35
a140f50a-721d-496a-95da-d20f99645a8a;4f10ef32-e5e9-44e6-bf84-abc5890d686d;fuel_level;57.85;2026-03-19T04:06:02
a6eb681a-c3a0-4ada-b648-76a95192c745;4f10ef32-e5e9-44e6-bf84-abc5890d686d;rpm;2520.54;2026-03-05T08:23:56
b57704d3-60a3-4307-b1fc-e679c376f7db;af2d13d0-724c-452c-9ce0-68bb4434aed5;battery_voltage;12.25;2026-03-09T09:05:36
e6d5869d-36c1-41bf-849e-2031755fc4a7;af2d13d0-724c-452c-9ce0-68bb4434aed5;coolant_temp;82.76;2026-03-07T23:04:46
23fdf747-7868-405c-ab3f-8ffc437b862c;af2d13d0-724c-452c-9ce0-68bb4434aed5;tire_pressure_rr;2.59;2026-03-06T15:52:57
aa32c62b-97b9-4a3f-a949-f873ae26cd11;1076ec28-d872-426b-a2f2-10a25fb5ccf5;battery_voltage;13.96;2026-03-04T19:41:19
6d955b9f-da4e-4d69-abb2-91edf70f58f2;1076ec28-d872-426b-a2f2-10a25fb5ccf5;engine_temp;99.23;2026-03-19T12:05:49
92645c93-2c7b-48ef-b4ca-d71461d98908;1076ec28-d872-426b-a2f2-10a25fb5ccf5;engine_temp;106.87;2026-03-11T11:56:52
6e756189-ad13-4efa-84d2-d970373634c1;8cde2d8f-83ff-4b74-95f7-112bc3cbe7c1;coolant_temp;76.66;2026-03-28T03:55:49
80b6de84-d16d-4cb6-9bf7-cf7f56ff2c80;8cde2d8f-83ff-4b74-95f7-112bc3cbe7c1;tire_pressure_fr;2.55;2026-03-28T19:59:00
ac2b59b2-fbc9-4993-b61f-e263a40c3e42;8cde2d8f-83ff-4b74-95f7-112bc3cbe7c1;coolant_temp;62.17;2026-03-17T01:20:34
b34a81dc-4e89-431a-80b0-fe3e3eca2d45;8c000b30-3a73-4ba0-b726-58b152799a32;battery_voltage;11.95;2026-03-17T22:14:09
6246e776-d33b-435e-94f3-c6bc10e5d405;8c000b30-3a73-4ba0-b726-58b152799a32;engine_temp;96.95;2026-03-13T14:48:38
ac201fc8-6f3b-4f3b-87f6-7ce685f8f810;8c000b30-3a73-4ba0-b726-58b152799a32;battery_voltage;13.01;2026-03-08T13:18:50